Fecha,Categoría,Descripción,Monto,Método_Pago
2024-01-01,Transporte,Transporte público,1580.34,Efectivo
2024-01-01,Entretenimiento,Cine,354.28,Transferencia
2024-01-01,Otros,Ropa,99.0,Transferencia
2024-01-03,Entretenimiento,Cine,398.25,Tarjeta
2024-01-05,Otros,Varios,798.5,Tarjeta
2024-01-05,Transporte,Transporte público,559.36,Tarjeta
2024-01-05,Transporte,Gasolina,924.99,Transferencia
2024-01-06,Vivienda,Internet,1551.51,Efectivo
2024-01-07,Alimentación,Comida rápida,643.57,Tarjeta
2024-01-07,Salud,Doctor,1368.4,Efectivo
2024-01-08,Alimentación,Supermercado,1951.56,Efectivo
2024-01-08,Alimentación,Supermercado,1390.19,Tarjeta
2024-01-11,Otros,Regalos,1204.68,Tarjeta
2024-01-11,Otros,Varios,191.62,Transferencia
2024-01-12,Transporte,Transporte público,1052.47,Transferencia
2024-01-13,Vivienda,Renta,1961.82,Efectivo
2024-01-13,Transporte,Uber,321.43,Transferencia
2024-01-14,Salud,Doctor,1750.56,Efectivo
2024-01-14,Otros,Regalos,1254.77,Efectivo
2024-01-14,Alimentación,Comida rápida,359.68,Tarjeta
2024-01-15,Otros,Varios,1729.2,Tarjeta
2024-01-16,Salud,Farmacia,1726.73,Transferencia
2024-01-17,Salud,Farmacia,432.5,Transferencia
2024-01-18,Otros,Varios,1327.14,Transferencia
2024-01-18,Entretenimiento,Concierto,782.29,Efectivo
2024-01-18,Entretenimiento,Streaming,467.92,Efectivo
2024-01-19,Vivienda,Servicios,1389.68,Efectivo
2024-01-19,Entretenimiento,Concierto,881.06,Tarjeta
2024-01-19,Vivienda,Renta,518.94,Transferencia
2024-01-20,Otros,Ropa,1476.33,Tarjeta
2024-01-20,Transporte,Transporte público,1418.44,Efectivo
2024-01-21,Otros,Regalos,1270.55,Efectivo
2024-01-24,Vivienda,Internet,1100.69,Transferencia
2024-01-25,Otros,Ropa,237.35,Transferencia
2024-01-25,Salud,Gimnasio,649.72,Tarjeta
2024-01-26,Salud,Farmacia,1845.14,Transferencia
2024-01-27,Alimentación,Supermercado,375.09,Efectivo
2024-02-01,Salud,Gimnasio,1660.49,Transferencia
2024-02-04,Vivienda,Servicios,1901.3,Transferencia
2024-02-07,Vivienda,Internet,788.31,Tarjeta
2024-02-07,Vivienda,Renta,687.48,Efectivo
2024-02-09,Alimentación,Restaurante,554.46,Tarjeta
2024-02-09,Otros,Regalos,607.53,Transferencia
2024-02-10,Otros,Varios,165.11,Transferencia
2024-02-11,Otros,Varios,1254.77,Efectivo
2024-02-11,Entretenimiento,Concierto,217.29,Efectivo
2024-02-12,Entretenimiento,Cine,1479.93,Tarjeta
2024-02-12,Salud,Farmacia,1187.98,Efectivo
2024-02-12,Entretenimiento,Cine,778.98,Transferencia
2024-02-13,Entretenimiento,Streaming,90.99,Transferencia
2024-02-14,Vivienda,Internet,1204.11,Efectivo
2024-02-15,Transporte,Uber,1575.12,Efectivo
2024-02-16,Alimentación,Restaurante,349.21,Transferencia
2024-02-17,Otros,Varios,171.64,Transferencia
2024-02-19,Entretenimiento,Concierto,1608.1,Tarjeta
2024-02-21,Salud,Gimnasio,1052.98,Tarjeta
2024-02-24,Vivienda,Renta,1140.32,Tarjeta
2024-02-26,Alimentación,Comida rápida,1333.11,Transferencia
2024-02-26,Transporte,Gasolina,1547.44,Tarjeta
2024-02-27,Alimentación,Supermercado,1445.84,Transferencia
2024-02-27,Salud,Doctor,1695.04,Efectivo
2024-02-28,Salud,Doctor,326.3,Efectivo
2024-02-28,Entretenimiento,Concierto,507.5,Transferencia
2024-03-02,Salud,Gimnasio,1652.97,Transferencia
2024-03-02,Entretenimiento,Concierto,1441.28,Tarjeta
2024-03-02,Alimentación,Supermercado,1926.38,Efectivo
2024-03-04,Otros,Ropa,1921.71,Transferencia
2024-03-05,Entretenimiento,Streaming,929.05,Transferencia
2024-03-05,Salud,Gimnasio,981.22,Tarjeta
2024-03-06,Otros,Regalos,1484.18,Efectivo
2024-03-06,Vivienda,Renta,1360.83,Efectivo
2024-03-06,Vivienda,Servicios,685.85,Efectivo
2024-03-08,Transporte,Transporte público,1141.04,Tarjeta
2024-03-09,Salud,Doctor,1868.34,Transferencia
2024-03-11,Vivienda,Renta,1496.05,Tarjeta
2024-03-13,Salud,Farmacia,447.08,Efectivo
2024-03-13,Vivienda,Internet,1310.05,Transferencia
2024-03-13,Salud,Farmacia,72.18,Tarjeta
2024-03-14,Otros,Varios,703.75,Transferencia
2024-03-14,Entretenimiento,Streaming,377.64,Efectivo
2024-03-16,Entretenimiento,Streaming,1746.01,Transferencia
2024-03-17,Alimentación,Supermercado,1431.48,Transferencia
2024-03-17,Salud,Gimnasio,609.97,Tarjeta
2024-03-21,Alimentación,Comida rápida,1407.5,Transferencia
2024-03-21,Transporte,Transporte público,1642.41,Efectivo
2024-03-23,Transporte,Gasolina,1851.66,Transferencia
2024-03-24,Salud,Gimnasio,921.01,Efectivo
2024-03-24,Entretenimiento,Cine,963.63,Tarjeta
2024-03-25,Otros,Varios,1446.89,Transferencia
2024-03-26,Entretenimiento,Concierto,1092.62,Tarjeta
2024-03-27,Entretenimiento,Concierto,637.67,Tarjeta
2024-03-27,Transporte,Transporte público,349.35,Transferencia
2024-03-28,Transporte,Gasolina,1907.79,Transferencia
2024-03-28,Transporte,Gasolina,1217.95,Transferencia
2024-03-29,Salud,Farmacia,286.28,Transferencia
2024-03-29,Transporte,Gasolina,951.19,Efectivo
2024-03-29,Entretenimiento,Cine,322.48,Transferencia
2024-03-29,Alimentación,Comida rápida,253.2,Transferencia
2024-03-30,Entretenimiento,Streaming,1321.67,Efectivo
2024-04-01,Transporte,Transporte público,1337.89,Tarjeta
2024-04-02,Salud,Doctor,1481.83,Transferencia
2024-04-03,Otros,Varios,964.67,Tarjeta
2024-04-04,Vivienda,Internet,1854.61,Efectivo
2024-04-05,Vivienda,Renta,1142.88,Efectivo
2024-04-09,Alimentación,Comida rápida,847.97,Transferencia
2024-04-09,Transporte,Gasolina,478.3,Efectivo
2024-04-10,Vivienda,Renta,822.25,Transferencia
2024-04-12,Alimentación,Supermercado,1688.38,Tarjeta
2024-04-12,Transporte,Uber,1956.67,Transferencia
2024-04-16,Vivienda,Renta,732.31,Transferencia
2024-04-16,Alimentación,Comida rápida,441.68,Efectivo
2024-04-17,Transporte,Transporte público,690.01,Transferencia
2024-04-18,Salud,Gimnasio,780.83,Transferencia
2024-04-20,Entretenimiento,Concierto,992.86,Efectivo
2024-04-20,Transporte,Transporte público,217.67,Transferencia
2024-04-22,Otros,Varios,676.14,Efectivo
2024-04-22,Transporte,Uber,1090.84,Tarjeta
2024-04-22,Vivienda,Renta,1519.16,Efectivo
2024-04-23,Salud,Farmacia,1146.0,Efectivo
2024-04-25,Alimentación,Restaurante,688.66,Efectivo
2024-04-27,Alimentación,Restaurante,1178.9,Tarjeta
2024-04-30,Alimentación,Comida rápida,149.58,Efectivo
2024-05-02,Otros,Ropa,1485.38,Tarjeta
2024-05-03,Entretenimiento,Concierto,1735.21,Efectivo
2024-05-03,Alimentación,Restaurante,1095.93,Transferencia
2024-05-04,Entretenimiento,Concierto,829.17,Tarjeta
2024-05-04,Entretenimiento,Concierto,1167.27,Efectivo
2024-05-05,Vivienda,Renta,1683.89,Tarjeta
2024-05-05,Entretenimiento,Cine,1401.96,Efectivo
2024-05-05,Transporte,Uber,1792.56,Transferencia
2024-05-05,Transporte,Uber,1492.15,Transferencia
2024-05-06,Vivienda,Internet,630.91,Efectivo
2024-05-08,Vivienda,Internet,910.56,Tarjeta
2024-05-08,Alimentación,Restaurante,1305.05,Tarjeta
2024-05-10,Alimentación,Supermercado,1916.59,Transferencia
2024-05-11,Entretenimiento,Cine,913.57,Tarjeta
2024-05-12,Salud,Farmacia,1420.32,Transferencia
2024-05-12,Vivienda,Servicios,855.25,Tarjeta
2024-05-12,Otros,Varios,225.86,Tarjeta
2024-05-14,Vivienda,Renta,1115.07,Tarjeta
2024-05-14,Alimentación,Supermercado,1790.9,Tarjeta
2024-05-16,Otros,Ropa,738.3,Efectivo
2024-05-17,Otros,Varios,1664.58,Tarjeta
2024-05-19,Entretenimiento,Concierto,411.23,Tarjeta
2024-05-20,Otros,Ropa,440.2,Tarjeta
2024-05-22,Transporte,Gasolina,1523.46,Transferencia
2024-05-27,Transporte,Transporte público,1760.26,Tarjeta
2024-05-28,Vivienda,Renta,990.13,Efectivo
2024-05-29,Transporte,Gasolina,617.62,Efectivo
2024-05-31,Transporte,Transporte público,477.66,Transferencia
2024-05-31,Transporte,Uber,891.21,Tarjeta
2024-05-31,Salud,Gimnasio,91.31,Transferencia
2024-06-03,Salud,Gimnasio,1142.0,Efectivo
2024-06-03,Vivienda,Internet,481.81,Efectivo
2024-06-04,Transporte,Uber,1147.88,Tarjeta
2024-06-04,Salud,Gimnasio,653.99,Tarjeta
2024-06-04,Entretenimiento,Cine,1143.0,Efectivo
2024-06-06,Alimentación,Comida rápida,1719.17,Tarjeta
2024-06-08,Entretenimiento,Concierto,636.0,Efectivo
2024-06-09,Alimentación,Restaurante,251.78,Efectivo
2024-06-09,Vivienda,Internet,1449.65,Efectivo
2024-06-11,Otros,Varios,1648.0,Transferencia
2024-06-12,Transporte,Transporte público,833.83,Tarjeta
2024-06-12,Otros,Regalos,1761.48,Transferencia
2024-06-13,Transporte,Uber,1527.35,Transferencia
2024-06-13,Salud,Farmacia,360.25,Tarjeta
2024-06-15,Entretenimiento,Cine,1142.9,Tarjeta
2024-06-15,Vivienda,Servicios,624.15,Tarjeta
2024-06-15,Transporte,Uber,575.71,Tarjeta
2024-06-15,Salud,Farmacia,67.43,Efectivo
2024-06-16,Entretenimiento,Cine,59.59,Tarjeta
2024-06-18,Entretenimiento,Concierto,1105.9,Efectivo
2024-06-22,Transporte,Gasolina,95.31,Tarjeta
2024-06-23,Transporte,Uber,800.84,Efectivo
2024-06-24,Salud,Gimnasio,1251.87,Tarjeta
2024-06-24,Otros,Varios,198.63,Efectivo
2024-06-24,Transporte,Transporte público,1596.5,Tarjeta
2024-06-25,Entretenimiento,Concierto,1940.82,Efectivo
2024-06-28,Alimentación,Restaurante,183.2,Efectivo
2024-06-28,Entretenimiento,Streaming,807.38,Efectivo
