Fecha,Turno,Línea,Unidades_Producidas,Unidades_Defectuosas,Tiempo_Paro,Operador
2024-01-01,Mañana,L1,989,40,23,OP12
2024-01-01,Mañana,L2,821,54,25,OP09
2024-01-01,Mañana,L3,946,24,48,OP07
2024-01-01,Mañana,L4,1081,65,27,OP04
2024-01-01,Tarde,L1,810,12,0,OP08
2024-01-01,Tarde,L2,1149,25,54,OP10
2024-01-01,Tarde,L3,1087,68,35,OP02
2024-01-01,Tarde,L4,911,24,31,OP09
2024-01-01,Noche,L1,906,54,16,OP09
2024-01-01,Noche,L2,1193,78,39,OP04
2024-01-01,Noche,L3,818,23,29,OP08
2024-01-01,Noche,L4,1148,68,29,OP08
2024-01-02,Mañana,L1,1175,82,46,OP10
2024-01-02,Mañana,L2,1047,78,38,OP03
2024-01-02,Mañana,L3,1044,10,34,OP10
2024-01-02,Mañana,L4,1198,58,5,OP12
2024-01-02,Tarde,L1,1051,19,53,OP06
2024-01-02,Tarde,L2,1088,22,27,OP09
2024-01-02,Tarde,L3,1014,68,52,OP05
2024-01-02,Tarde,L4,973,44,29,OP11
2024-01-02,Noche,L1,811,45,5,OP03
2024-01-02,Noche,L2,888,59,17,OP06
2024-01-02,Noche,L3,842,51,32,OP10
2024-01-02,Noche,L4,1180,58,49,OP10
2024-01-03,Mañana,L1,962,26,37,OP06
2024-01-03,Mañana,L2,1137,69,59,OP05
2024-01-03,Mañana,L3,1159,57,16,OP12
2024-01-03,Mañana,L4,985,44,53,OP08
2024-01-03,Tarde,L1,981,38,25,OP02
2024-01-03,Tarde,L2,908,19,7,OP08
2024-01-03,Tarde,L3,873,48,14,OP01
2024-01-03,Tarde,L4,991,37,4,OP11
2024-01-03,Noche,L1,827,40,30,OP02
2024-01-03,Noche,L2,1132,79,21,OP06
2024-01-03,Noche,L3,1156,44,31,OP07
2024-01-03,Noche,L4,1061,64,30,OP05
2024-01-04,Mañana,L1,1078,62,45,OP05
2024-01-04,Mañana,L2,1017,67,51,OP07
2024-01-04,Mañana,L3,874,42,6,OP11
2024-01-04,Mañana,L4,924,29,33,OP05
2024-01-04,Tarde,L1,1016,10,33,OP04
2024-01-04,Tarde,L2,1115,31,22,OP12
2024-01-04,Tarde,L3,1148,55,49,OP11
2024-01-04,Tarde,L4,1083,61,51,OP07
2024-01-04,Noche,L1,938,27,26,OP03
2024-01-04,Noche,L2,807,51,59,OP01
2024-01-04,Noche,L3,825,43,24,OP11
2024-01-04,Noche,L4,1175,78,6,OP04
2024-01-05,Mañana,L1,1142,57,23,OP02
2024-01-05,Mañana,L2,836,46,26,OP01
2024-01-05,Mañana,L3,845,57,6,OP01
2024-01-05,Mañana,L4,969,61,57,OP09
2024-01-05,Tarde,L1,826,41,53,OP12
2024-01-05,Tarde,L2,1090,40,11,OP04
2024-01-05,Tarde,L3,1088,26,7,OP03
2024-01-05,Tarde,L4,1150,44,17,OP06
2024-01-05,Noche,L1,973,32,34,OP07
2024-01-05,Noche,L2,816,26,29,OP01
2024-01-05,Noche,L3,1110,83,23,OP12
2024-01-05,Noche,L4,1183,36,6,OP12
2024-01-06,Mañana,L1,1181,72,42,OP06
2024-01-06,Mañana,L2,995,16,43,OP04
2024-01-06,Mañana,L3,834,30,12,OP04
2024-01-06,Mañana,L4,1188,69,36,OP04
2024-01-06,Tarde,L1,862,63,37,OP02
2024-01-06,Tarde,L2,952,28,23,OP02
2024-01-06,Tarde,L3,1067,32,58,OP11
2024-01-06,Tarde,L4,1044,36,38,OP06
2024-01-06,Noche,L1,1076,68,53,OP10
2024-01-06,Noche,L2,803,9,35,OP12
2024-01-06,Noche,L3,1025,58,25,OP09
2024-01-06,Noche,L4,991,51,34,OP03
2024-01-07,Mañana,L1,1088,75,35,OP03
2024-01-07,Mañana,L2,803,46,56,OP07
2024-01-07,Mañana,L3,1083,85,31,OP11
2024-01-07,Mañana,L4,1077,20,19,OP06
2024-01-07,Tarde,L1,807,48,44,OP05
2024-01-07,Tarde,L2,945,29,23,OP10
2024-01-07,Tarde,L3,1189,21,0,OP08
2024-01-07,Tarde,L4,1111,26,14,OP12
2024-01-07,Noche,L1,1162,43,41,OP02
2024-01-07,Noche,L2,947,61,16,OP03
2024-01-07,Noche,L3,936,64,0,OP01
2024-01-07,Noche,L4,891,39,27,OP01
2024-01-08,Mañana,L1,930,30,9,OP03
2024-01-08,Mañana,L2,952,21,50,OP03
2024-01-08,Mañana,L3,1146,22,31,OP04
2024-01-08,Mañana,L4,805,46,22,OP12
2024-01-08,Tarde,L1,1020,51,13,OP03
2024-01-08,Tarde,L2,894,13,42,OP07
2024-01-08,Tarde,L3,926,12,34,OP11
2024-01-08,Tarde,L4,946,51,52,OP10
2024-01-08,Noche,L1,1082,28,34,OP02
2024-01-08,Noche,L2,1078,11,21,OP11
2024-01-08,Noche,L3,855,59,48,OP08
2024-01-08,Noche,L4,1095,82,50,OP10
2024-01-09,Mañana,L1,1034,37,46,OP08
2024-01-09,Mañana,L2,964,45,5,OP04
2024-01-09,Mañana,L3,1154,52,16,OP10
2024-01-09,Mañana,L4,977,57,4,OP11
2024-01-09,Tarde,L1,853,22,35,OP03
2024-01-09,Tarde,L2,989,59,34,OP04
2024-01-09,Tarde,L3,1165,70,14,OP12
2024-01-09,Tarde,L4,1112,86,8,OP09
2024-01-09,Noche,L1,1042,18,35,OP04
2024-01-09,Noche,L2,1179,59,21,OP02
2024-01-09,Noche,L3,803,20,8,OP08
2024-01-09,Noche,L4,989,70,57,OP11
2024-01-10,Mañana,L1,1070,43,40,OP06
2024-01-10,Mañana,L2,898,69,39,OP07
2024-01-10,Mañana,L3,1049,32,23,OP06
2024-01-10,Mañana,L4,1014,10,51,OP04
2024-01-10,Tarde,L1,976,37,38,OP08
2024-01-10,Tarde,L2,1103,86,21,OP11
2024-01-10,Tarde,L3,832,40,23,OP01
2024-01-10,Tarde,L4,803,41,28,OP09
2024-01-10,Noche,L1,886,18,3,OP03
2024-01-10,Noche,L2,861,35,44,OP07
2024-01-10,Noche,L3,1057,14,16,OP05
2024-01-10,Noche,L4,1134,67,36,OP06
2024-01-11,Mañana,L1,1092,30,58,OP02
2024-01-11,Mañana,L2,896,31,51,OP08
2024-01-11,Mañana,L3,1121,61,34,OP05
2024-01-11,Mañana,L4,949,64,21,OP07
2024-01-11,Tarde,L1,1087,46,49,OP05
2024-01-11,Tarde,L2,960,15,46,OP06
2024-01-11,Tarde,L3,887,50,41,OP06
2024-01-11,Tarde,L4,822,35,10,OP09
2024-01-11,Noche,L1,881,52,15,OP11
2024-01-11,Noche,L2,808,50,4,OP01
2024-01-11,Noche,L3,942,74,3,OP01
2024-01-11,Noche,L4,1105,66,54,OP09
2024-01-12,Mañana,L1,1117,62,44,OP05
2024-01-12,Mañana,L2,992,56,18,OP05
2024-01-12,Mañana,L3,982,51,3,OP05
2024-01-12,Mañana,L4,934,54,12,OP08
2024-01-12,Tarde,L1,855,17,31,OP03
2024-01-12,Tarde,L2,934,32,55,OP08
2024-01-12,Tarde,L3,935,48,51,OP08
2024-01-12,Tarde,L4,1079,40,47,OP06
2024-01-12,Noche,L1,1110,76,14,OP11
2024-01-12,Noche,L2,1047,62,45,OP07
2024-01-12,Noche,L3,939,17,0,OP03
2024-01-12,Noche,L4,1180,59,8,OP05
2024-01-13,Mañana,L1,1059,67,38,OP12
2024-01-13,Mañana,L2,908,28,25,OP03
2024-01-13,Mañana,L3,913,20,31,OP10
2024-01-13,Mañana,L4,859,34,8,OP03
2024-01-13,Tarde,L1,1129,18,34,OP04
2024-01-13,Tarde,L2,1008,13,17,OP10
2024-01-13,Tarde,L3,906,37,15,OP09
2024-01-13,Tarde,L4,950,24,51,OP01
2024-01-13,Noche,L1,1038,40,54,OP08
2024-01-13,Noche,L2,900,23,22,OP09
2024-01-13,Noche,L3,934,68,42,OP06
2024-01-13,Noche,L4,1074,69,33,OP08
2024-01-14,Mañana,L1,912,63,31,OP09
2024-01-14,Mañana,L2,1140,39,15,OP09
2024-01-14,Mañana,L3,889,26,30,OP06
2024-01-14,Mañana,L4,1030,37,52,OP03
2024-01-14,Tarde,L1,1136,20,17,OP07
2024-01-14,Tarde,L2,890,34,50,OP09
2024-01-14,Tarde,L3,1152,12,56,OP02
2024-01-14,Tarde,L4,927,54,42,OP03
2024-01-14,Noche,L1,1052,40,56,OP12
2024-01-14,Noche,L2,1192,45,7,OP03
2024-01-14,Noche,L3,1016,33,40,OP12
2024-01-14,Noche,L4,1034,54,31,OP12
2024-01-15,Mañana,L1,1132,22,43,OP09
2024-01-15,Mañana,L2,805,11,50,OP07
2024-01-15,Mañana,L3,918,33,44,OP12
2024-01-15,Mañana,L4,1069,77,23,OP06
2024-01-15,Tarde,L1,955,14,46,OP03
2024-01-15,Tarde,L2,990,46,47,OP09
2024-01-15,Tarde,L3,872,35,29,OP11
2024-01-15,Tarde,L4,1192,45,23,OP08
2024-01-15,Noche,L1,1000,35,50,OP05
2024-01-15,Noche,L2,1092,69,47,OP06
2024-01-15,Noche,L3,1167,61,6,OP07
2024-01-15,Noche,L4,1129,56,20,OP02
2024-01-16,Mañana,L1,1011,80,40,OP06
2024-01-16,Mañana,L2,856,66,0,OP03
2024-01-16,Mañana,L3,804,41,30,OP04
2024-01-16,Mañana,L4,1114,60,18,OP12
2024-01-16,Tarde,L1,1117,52,43,OP06
2024-01-16,Tarde,L2,875,68,29,OP08
2024-01-16,Tarde,L3,1147,20,25,OP08
2024-01-16,Tarde,L4,892,16,40,OP09
2024-01-16,Noche,L1,976,21,15,OP11
2024-01-16,Noche,L2,1167,23,28,OP12
2024-01-16,Noche,L3,938,43,4,OP12
2024-01-16,Noche,L4,951,32,0,OP04
2024-01-17,Mañana,L1,901,30,46,OP06
2024-01-17,Mañana,L2,912,58,54,OP12
2024-01-17,Mañana,L3,1023,75,6,OP07
2024-01-17,Mañana,L4,1130,65,48,OP06
2024-01-17,Tarde,L1,941,31,44,OP06
2024-01-17,Tarde,L2,1184,40,40,OP08
2024-01-17,Tarde,L3,869,38,56,OP01
2024-01-17,Tarde,L4,1183,12,16,OP11
2024-01-17,Noche,L1,982,77,52,OP06
2024-01-17,Noche,L2,860,48,53,OP08
2024-01-17,Noche,L3,988,39,14,OP11
2024-01-17,Noche,L4,1100,43,48,OP12
2024-01-18,Mañana,L1,929,37,57,OP11
2024-01-18,Mañana,L2,999,12,51,OP05
2024-01-18,Mañana,L3,1042,27,9,OP07
2024-01-18,Mañana,L4,1143,21,42,OP03
2024-01-18,Tarde,L1,1034,67,52,OP11
2024-01-18,Tarde,L2,1026,27,47,OP06
2024-01-18,Tarde,L3,1171,78,15,OP01
2024-01-18,Tarde,L4,1167,50,18,OP11
2024-01-18,Noche,L1,895,37,57,OP04
2024-01-18,Noche,L2,1173,27,36,OP01
2024-01-18,Noche,L3,1012,52,40,OP08
2024-01-18,Noche,L4,1038,12,39,OP07
2024-01-19,Mañana,L1,1166,76,11,OP01
2024-01-19,Mañana,L2,884,62,24,OP02
2024-01-19,Mañana,L3,1119,26,43,OP04
2024-01-19,Mañana,L4,1132,58,11,OP06
2024-01-19,Tarde,L1,1175,24,51,OP09
2024-01-19,Tarde,L2,1045,69,47,OP10
2024-01-19,Tarde,L3,1179,26,10,OP11
2024-01-19,Tarde,L4,1091,73,55,OP02
2024-01-19,Noche,L1,1134,25,16,OP07
2024-01-19,Noche,L2,1101,67,38,OP04
2024-01-19,Noche,L3,947,25,41,OP05
2024-01-19,Noche,L4,935,40,45,OP12
2024-01-20,Mañana,L1,1188,87,19,OP09
2024-01-20,Mañana,L2,1062,29,56,OP10
2024-01-20,Mañana,L3,1066,32,46,OP07
2024-01-20,Mañana,L4,1072,79,39,OP12
2024-01-20,Tarde,L1,1117,63,22,OP06
2024-01-20,Tarde,L2,1077,75,10,OP01
2024-01-20,Tarde,L3,839,23,56,OP11
2024-01-20,Tarde,L4,995,17,53,OP02
2024-01-20,Noche,L1,1009,80,21,OP04
2024-01-20,Noche,L2,1141,45,44,OP01
2024-01-20,Noche,L3,864,63,1,OP12
2024-01-20,Noche,L4,1048,30,13,OP12
2024-01-21,Mañana,L1,1094,47,21,OP08
2024-01-21,Mañana,L2,979,19,16,OP05
2024-01-21,Mañana,L3,1121,26,1,OP05
2024-01-21,Mañana,L4,931,11,43,OP02
2024-01-21,Tarde,L1,843,23,31,OP05
2024-01-21,Tarde,L2,980,76,3,OP05
2024-01-21,Tarde,L3,1141,29,58,OP10
2024-01-21,Tarde,L4,888,45,29,OP04
2024-01-21,Noche,L1,1133,85,0,OP11
2024-01-21,Noche,L2,944,40,10,OP07
2024-01-21,Noche,L3,1053,36,56,OP11
2024-01-21,Noche,L4,843,23,19,OP12
2024-01-22,Mañana,L1,1052,57,33,OP03
2024-01-22,Mañana,L2,957,70,3,OP12
2024-01-22,Mañana,L3,930,13,42,OP01
2024-01-22,Mañana,L4,841,40,53,OP02
2024-01-22,Tarde,L1,1030,58,36,OP11
2024-01-22,Tarde,L2,1110,70,52,OP08
2024-01-22,Tarde,L3,1036,56,36,OP06
2024-01-22,Tarde,L4,975,60,19,OP12
2024-01-22,Noche,L1,1036,52,11,OP03
2024-01-22,Noche,L2,896,51,10,OP05
2024-01-22,Noche,L3,1148,40,33,OP01
2024-01-22,Noche,L4,810,49,39,OP01
2024-01-23,Mañana,L1,1132,84,20,OP09
2024-01-23,Mañana,L2,916,70,45,OP12
2024-01-23,Mañana,L3,1128,34,45,OP11
2024-01-23,Mañana,L4,888,32,0,OP07
2024-01-23,Tarde,L1,899,40,43,OP08
2024-01-23,Tarde,L2,938,43,19,OP05
2024-01-23,Tarde,L3,985,74,7,OP01
2024-01-23,Tarde,L4,1049,37,44,OP05
2024-01-23,Noche,L1,847,9,17,OP11
2024-01-23,Noche,L2,953,20,39,OP10
2024-01-23,Noche,L3,1156,56,28,OP06
2024-01-23,Noche,L4,1072,54,22,OP11
2024-01-24,Mañana,L1,1166,16,18,OP08
2024-01-24,Mañana,L2,810,59,13,OP03
2024-01-24,Mañana,L3,1138,69,24,OP09
2024-01-24,Mañana,L4,1003,64,49,OP07
2024-01-24,Tarde,L1,921,39,8,OP06
2024-01-24,Tarde,L2,1020,49,32,OP12
2024-01-24,Tarde,L3,940,23,1,OP07
2024-01-24,Tarde,L4,1190,75,48,OP01
2024-01-24,Noche,L1,981,37,37,OP08
2024-01-24,Noche,L2,1197,16,50,OP06
2024-01-24,Noche,L3,1183,35,6,OP08
2024-01-24,Noche,L4,1156,30,32,OP09
2024-01-25,Mañana,L1,1097,75,38,OP08
2024-01-25,Mañana,L2,1064,58,53,OP05
2024-01-25,Mañana,L3,1030,34,15,OP10
2024-01-25,Mañana,L4,990,63,19,OP04
2024-01-25,Tarde,L1,1152,72,4,OP06
2024-01-25,Tarde,L2,963,45,13,OP01
2024-01-25,Tarde,L3,1096,44,47,OP02
2024-01-25,Tarde,L4,1018,66,16,OP02
2024-01-25,Noche,L1,976,38,39,OP03
2024-01-25,Noche,L2,1008,49,41,OP11
2024-01-25,Noche,L3,974,32,5,OP09
2024-01-25,Noche,L4,830,20,43,OP01
2024-01-26,Mañana,L1,1188,93,50,OP01
2024-01-26,Mañana,L2,989,70,33,OP12
2024-01-26,Mañana,L3,1019,30,39,OP07
2024-01-26,Mañana,L4,835,42,51,OP03
2024-01-26,Tarde,L1,981,62,13,OP09
2024-01-26,Tarde,L2,883,20,15,OP07
2024-01-26,Tarde,L3,1048,21,27,OP02
2024-01-26,Tarde,L4,1096,39,42,OP03
2024-01-26,Noche,L1,869,35,14,OP08
2024-01-26,Noche,L2,1190,83,7,OP05
2024-01-26,Noche,L3,1081,84,36,OP11
2024-01-26,Noche,L4,1155,25,6,OP11
2024-01-27,Mañana,L1,1091,63,3,OP07
2024-01-27,Mañana,L2,930,67,43,OP09
2024-01-27,Mañana,L3,918,32,13,OP08
2024-01-27,Mañana,L4,870,52,36,OP02
2024-01-27,Tarde,L1,905,47,58,OP02
2024-01-27,Tarde,L2,911,17,36,OP03
2024-01-27,Tarde,L3,1175,81,35,OP11
2024-01-27,Tarde,L4,960,40,55,OP08
2024-01-27,Noche,L1,1098,63,14,OP06
2024-01-27,Noche,L2,876,13,4,OP04
2024-01-27,Noche,L3,861,26,18,OP10
2024-01-27,Noche,L4,889,45,41,OP11
2024-01-28,Mañana,L1,1110,35,25,OP07
2024-01-28,Mañana,L2,902,22,9,OP03
2024-01-28,Mañana,L3,831,24,52,OP08
2024-01-28,Mañana,L4,921,40,48,OP11
2024-01-28,Tarde,L1,1098,53,11,OP10
2024-01-28,Tarde,L2,1017,51,43,OP05
2024-01-28,Tarde,L3,974,32,12,OP12
2024-01-28,Tarde,L4,869,69,35,OP03
2024-01-28,Noche,L1,1020,78,2,OP06
2024-01-28,Noche,L2,1097,32,29,OP11
2024-01-28,Noche,L3,954,35,50,OP08
2024-01-28,Noche,L4,986,49,47,OP10
2024-01-29,Mañana,L1,883,18,47,OP06
2024-01-29,Mañana,L2,817,61,14,OP08
2024-01-29,Mañana,L3,1059,27,8,OP03
2024-01-29,Mañana,L4,801,19,4,OP04
2024-01-29,Tarde,L1,1021,11,9,OP05
2024-01-29,Tarde,L2,1077,50,31,OP04
2024-01-29,Tarde,L3,833,15,17,OP08
2024-01-29,Tarde,L4,1004,62,0,OP08
2024-01-29,Noche,L1,874,44,15,OP08
2024-01-29,Noche,L2,1177,24,1,OP07
2024-01-29,Noche,L3,953,37,2,OP02
2024-01-29,Noche,L4,979,18,55,OP12
2024-01-30,Mañana,L1,1155,50,30,OP08
2024-01-30,Mañana,L2,888,47,32,OP06
2024-01-30,Mañana,L3,1087,35,27,OP07
2024-01-30,Mañana,L4,851,41,30,OP06
2024-01-30,Tarde,L1,1139,50,29,OP02
2024-01-30,Tarde,L2,861,33,18,OP08
2024-01-30,Tarde,L3,1157,22,11,OP10
2024-01-30,Tarde,L4,995,63,47,OP03
2024-01-30,Noche,L1,802,26,3,OP06
2024-01-30,Noche,L2,962,43,16,OP03
2024-01-30,Noche,L3,1006,42,10,OP11
2024-01-30,Noche,L4,1047,16,48,OP10
2024-01-31,Mañana,L1,816,35,10,OP09
2024-01-31,Mañana,L2,1023,60,49,OP12
2024-01-31,Mañana,L3,1016,31,45,OP09
2024-01-31,Mañana,L4,1172,38,57,OP02
2024-01-31,Tarde,L1,1062,34,49,OP06
2024-01-31,Tarde,L2,941,23,48,OP06
2024-01-31,Tarde,L3,1166,55,34,OP08
2024-01-31,Tarde,L4,808,28,57,OP09
2024-01-31,Noche,L1,1101,29,5,OP09
2024-01-31,Noche,L2,936,69,0,OP06
2024-01-31,Noche,L3,805,21,2,OP07
2024-01-31,Noche,L4,854,65,0,OP02
2024-02-01,Mañana,L1,1019,17,59,OP04
2024-02-01,Mañana,L2,817,29,23,OP04
2024-02-01,Mañana,L3,1191,59,8,OP03
2024-02-01,Mañana,L4,1082,16,41,OP02
2024-02-01,Tarde,L1,1080,33,0,OP01
2024-02-01,Tarde,L2,1195,67,35,OP12
2024-02-01,Tarde,L3,1159,39,18,OP03
2024-02-01,Tarde,L4,1143,29,45,OP02
2024-02-01,Noche,L1,1163,76,1,OP08
2024-02-01,Noche,L2,847,35,54,OP10
2024-02-01,Noche,L3,1080,45,59,OP09
2024-02-01,Noche,L4,936,69,37,OP08
2024-02-02,Mañana,L1,1179,83,57,OP05
2024-02-02,Mañana,L2,1190,49,7,OP11
2024-02-02,Mañana,L3,1054,46,6,OP01
2024-02-02,Mañana,L4,856,39,56,OP12
2024-02-02,Tarde,L1,851,32,59,OP06
2024-02-02,Tarde,L2,1015,80,1,OP09
2024-02-02,Tarde,L3,1167,81,56,OP02
2024-02-02,Tarde,L4,1058,18,45,OP10
2024-02-02,Noche,L1,1086,56,18,OP05
2024-02-02,Noche,L2,815,15,36,OP01
2024-02-02,Noche,L3,979,56,4,OP12
2024-02-02,Noche,L4,1129,79,45,OP05
2024-02-03,Mañana,L1,994,70,50,OP07
2024-02-03,Mañana,L2,1037,68,19,OP04
2024-02-03,Mañana,L3,1148,69,42,OP11
2024-02-03,Mañana,L4,998,44,3,OP10
2024-02-03,Tarde,L1,1000,16,13,OP02
2024-02-03,Tarde,L2,858,24,59,OP07
2024-02-03,Tarde,L3,1144,26,24,OP06
2024-02-03,Tarde,L4,1043,47,17,OP09
2024-02-03,Noche,L1,806,10,18,OP06
2024-02-03,Noche,L2,1099,64,3,OP08
2024-02-03,Noche,L3,1105,46,9,OP01
2024-02-03,Noche,L4,1118,73,41,OP01
2024-02-04,Mañana,L1,1088,15,11,OP10
2024-02-04,Mañana,L2,878,8,50,OP10
2024-02-04,Mañana,L3,1158,12,21,OP04
2024-02-04,Mañana,L4,975,24,12,OP11
2024-02-04,Tarde,L1,875,31,9,OP05
2024-02-04,Tarde,L2,956,69,41,OP01
2024-02-04,Tarde,L3,1125,74,17,OP02
2024-02-04,Tarde,L4,849,20,36,OP07
2024-02-04,Noche,L1,1181,24,22,OP05
2024-02-04,Noche,L2,803,43,47,OP12
2024-02-04,Noche,L3,937,26,35,OP09
2024-02-04,Noche,L4,810,50,59,OP02
2024-02-05,Mañana,L1,1194,63,23,OP09
2024-02-05,Mañana,L2,863,64,28,OP06
2024-02-05,Mañana,L3,1103,52,23,OP05
2024-02-05,Mañana,L4,1199,89,17,OP04
2024-02-05,Tarde,L1,803,12,57,OP04
2024-02-05,Tarde,L2,1009,21,28,OP11
2024-02-05,Tarde,L3,975,46,31,OP02
2024-02-05,Tarde,L4,1187,45,42,OP12
2024-02-05,Noche,L1,1094,45,46,OP05
2024-02-05,Noche,L2,1060,31,25,OP02
2024-02-05,Noche,L3,1111,12,19,OP07
2024-02-05,Noche,L4,1162,24,7,OP10
2024-02-06,Mañana,L1,849,16,2,OP01
2024-02-06,Mañana,L2,895,63,8,OP10
2024-02-06,Mañana,L3,1083,32,45,OP01
2024-02-06,Mañana,L4,1199,26,56,OP10
2024-02-06,Tarde,L1,1141,68,6,OP05
2024-02-06,Tarde,L2,918,22,36,OP04
2024-02-06,Tarde,L3,874,17,33,OP10
2024-02-06,Tarde,L4,946,64,29,OP02
2024-02-06,Noche,L1,843,53,2,OP02
2024-02-06,Noche,L2,1181,42,0,OP07
2024-02-06,Noche,L3,811,49,57,OP03
2024-02-06,Noche,L4,935,18,33,OP04
2024-02-07,Mañana,L1,1183,19,12,OP09
2024-02-07,Mañana,L2,1042,28,37,OP08
2024-02-07,Mañana,L3,1190,28,39,OP01
2024-02-07,Mañana,L4,1138,11,26,OP02
2024-02-07,Tarde,L1,1140,39,22,OP07
2024-02-07,Tarde,L2,897,14,49,OP04
2024-02-07,Tarde,L3,847,25,0,OP01
2024-02-07,Tarde,L4,1194,14,32,OP01
2024-02-07,Noche,L1,1025,67,37,OP07
2024-02-07,Noche,L2,1156,90,14,OP03
2024-02-07,Noche,L3,1189,24,42,OP09
2024-02-07,Noche,L4,829,23,58,OP07
2024-02-08,Mañana,L1,1112,28,38,OP05
2024-02-08,Mañana,L2,829,65,26,OP09
2024-02-08,Mañana,L3,818,17,3,OP11
2024-02-08,Mañana,L4,908,47,42,OP12
2024-02-08,Tarde,L1,901,52,43,OP09
2024-02-08,Tarde,L2,855,42,48,OP06
2024-02-08,Tarde,L3,1075,16,46,OP05
2024-02-08,Tarde,L4,1166,41,6,OP07
2024-02-08,Noche,L1,1110,23,51,OP12
2024-02-08,Noche,L2,1185,29,3,OP07
2024-02-08,Noche,L3,806,43,30,OP05
2024-02-08,Noche,L4,993,22,58,OP07
2024-02-09,Mañana,L1,903,69,32,OP11
2024-02-09,Mañana,L2,918,66,21,OP07
2024-02-09,Mañana,L3,971,65,25,OP02
2024-02-09,Mañana,L4,1027,71,49,OP10
2024-02-09,Tarde,L1,865,44,34,OP07
2024-02-09,Tarde,L2,858,37,49,OP03
2024-02-09,Tarde,L3,810,52,49,OP11
2024-02-09,Tarde,L4,1176,92,7,OP06
2024-02-09,Noche,L1,1171,23,25,OP11
2024-02-09,Noche,L2,1040,78,0,OP08
2024-02-09,Noche,L3,926,72,39,OP02
2024-02-09,Noche,L4,1193,77,59,OP06
2024-02-10,Mañana,L1,820,15,15,OP05
2024-02-10,Mañana,L2,1177,49,36,OP07
2024-02-10,Mañana,L3,1084,62,44,OP07
2024-02-10,Mañana,L4,836,40,27,OP09
2024-02-10,Tarde,L1,1087,81,26,OP06
2024-02-10,Tarde,L2,882,14,51,OP10
2024-02-10,Tarde,L3,956,65,27,OP02
2024-02-10,Tarde,L4,1103,28,52,OP03
2024-02-10,Noche,L1,978,70,40,OP10
2024-02-10,Noche,L2,938,36,18,OP04
2024-02-10,Noche,L3,1036,66,13,OP05
2024-02-10,Noche,L4,810,9,53,OP11
2024-02-11,Mañana,L1,1013,78,59,OP07
2024-02-11,Mañana,L2,1018,37,49,OP02
2024-02-11,Mañana,L3,846,14,59,OP12
2024-02-11,Mañana,L4,1024,42,10,OP08
2024-02-11,Tarde,L1,987,64,5,OP10
2024-02-11,Tarde,L2,1005,24,8,OP05
2024-02-11,Tarde,L3,851,33,27,OP11
2024-02-11,Tarde,L4,992,40,3,OP12
2024-02-11,Noche,L1,871,24,21,OP07
2024-02-11,Noche,L2,824,47,17,OP12
2024-02-11,Noche,L3,859,16,42,OP09
2024-02-11,Noche,L4,982,68,45,OP04
2024-02-12,Mañana,L1,875,44,45,OP04
2024-02-12,Mañana,L2,911,22,7,OP07
2024-02-12,Mañana,L3,838,53,35,OP07
2024-02-12,Mañana,L4,918,55,42,OP11
2024-02-12,Tarde,L1,1115,65,50,OP04
2024-02-12,Tarde,L2,921,25,21,OP10
2024-02-12,Tarde,L3,979,65,10,OP05
2024-02-12,Tarde,L4,1095,50,6,OP09
2024-02-12,Noche,L1,1145,47,13,OP09
2024-02-12,Noche,L2,1006,42,36,OP05
2024-02-12,Noche,L3,939,26,51,OP10
2024-02-12,Noche,L4,1185,57,23,OP01
2024-02-13,Mañana,L1,967,57,58,OP11
2024-02-13,Mañana,L2,1190,51,59,OP01
2024-02-13,Mañana,L3,1082,74,32,OP04
2024-02-13,Mañana,L4,1151,34,43,OP03
2024-02-13,Tarde,L1,930,12,54,OP09
2024-02-13,Tarde,L2,1046,27,7,OP08
2024-02-13,Tarde,L3,941,20,38,OP04
2024-02-13,Tarde,L4,1142,47,7,OP03
2024-02-13,Noche,L1,855,49,57,OP11
2024-02-13,Noche,L2,896,61,46,OP09
2024-02-13,Noche,L3,1089,52,20,OP10
2024-02-13,Noche,L4,946,37,58,OP09
2024-02-14,Mañana,L1,827,65,10,OP11
2024-02-14,Mañana,L2,1166,41,42,OP01
2024-02-14,Mañana,L3,905,61,17,OP09
2024-02-14,Mañana,L4,852,23,32,OP01
2024-02-14,Tarde,L1,1040,38,32,OP01
2024-02-14,Tarde,L2,907,48,7,OP05
2024-02-14,Tarde,L3,977,14,14,OP04
2024-02-14,Tarde,L4,833,36,38,OP12
2024-02-14,Noche,L1,901,32,32,OP11
2024-02-14,Noche,L2,955,53,18,OP06
2024-02-14,Noche,L3,936,70,28,OP11
2024-02-14,Noche,L4,1177,93,18,OP12
2024-02-15,Mañana,L1,1172,34,10,OP01
2024-02-15,Mañana,L2,892,53,47,OP03
2024-02-15,Mañana,L3,844,58,49,OP07
2024-02-15,Mañana,L4,1052,51,35,OP06
2024-02-15,Tarde,L1,1072,29,17,OP02
2024-02-15,Tarde,L2,1174,64,36,OP03
2024-02-15,Tarde,L3,1195,75,26,OP05
2024-02-15,Tarde,L4,898,30,55,OP08
2024-02-15,Noche,L1,1160,59,33,OP07
2024-02-15,Noche,L2,1135,75,46,OP05
2024-02-15,Noche,L3,1012,48,46,OP08
2024-02-15,Noche,L4,1015,11,47,OP10
2024-02-16,Mañana,L1,952,11,25,OP01
2024-02-16,Mañana,L2,894,32,17,OP01
2024-02-16,Mañana,L3,972,22,13,OP08
2024-02-16,Mañana,L4,1184,23,2,OP03
2024-02-16,Tarde,L1,849,36,2,OP03
2024-02-16,Tarde,L2,1023,12,12,OP09
2024-02-16,Tarde,L3,1144,90,29,OP07
2024-02-16,Tarde,L4,1080,41,46,OP12
2024-02-16,Noche,L1,870,14,43,OP02
2024-02-16,Noche,L2,1023,59,21,OP08
2024-02-16,Noche,L3,1196,52,3,OP06
2024-02-16,Noche,L4,1167,61,32,OP09
2024-02-17,Mañana,L1,1144,84,36,OP03
2024-02-17,Mañana,L2,805,49,59,OP12
2024-02-17,Mañana,L3,849,52,42,OP10
2024-02-17,Mañana,L4,1117,26,49,OP01
2024-02-17,Tarde,L1,1186,21,16,OP04
2024-02-17,Tarde,L2,1020,32,35,OP04
2024-02-17,Tarde,L3,1030,40,4,OP05
2024-02-17,Tarde,L4,1066,43,4,OP06
2024-02-17,Noche,L1,936,48,18,OP11
2024-02-17,Noche,L2,1032,82,9,OP08
2024-02-17,Noche,L3,851,45,2,OP05
2024-02-17,Noche,L4,1052,67,17,OP03
2024-02-18,Mañana,L1,945,65,3,OP01
2024-02-18,Mañana,L2,1148,57,46,OP05
2024-02-18,Mañana,L3,828,58,35,OP01
2024-02-18,Mañana,L4,935,24,25,OP01
2024-02-18,Tarde,L1,1119,19,29,OP08
2024-02-18,Tarde,L2,1174,91,7,OP01
2024-02-18,Tarde,L3,1102,24,22,OP03
2024-02-18,Tarde,L4,1197,53,10,OP09
2024-02-18,Noche,L1,906,65,19,OP10
2024-02-18,Noche,L2,1053,29,23,OP09
2024-02-18,Noche,L3,901,12,11,OP01
2024-02-18,Noche,L4,1141,18,33,OP08
2024-02-19,Mañana,L1,1073,71,36,OP09
2024-02-19,Mañana,L2,1172,54,22,OP09
2024-02-19,Mañana,L3,950,32,32,OP08
2024-02-19,Mañana,L4,812,40,19,OP11
2024-02-19,Tarde,L1,926,47,35,OP11
2024-02-19,Tarde,L2,1167,16,21,OP07
2024-02-19,Tarde,L3,816,33,58,OP01
2024-02-19,Tarde,L4,1014,66,31,OP08
2024-02-19,Noche,L1,805,24,33,OP10
2024-02-19,Noche,L2,963,72,36,OP04
2024-02-19,Noche,L3,866,33,5,OP10
2024-02-19,Noche,L4,1032,15,33,OP10
2024-02-20,Mañana,L1,952,23,34,OP01
2024-02-20,Mañana,L2,1136,58,46,OP09
2024-02-20,Mañana,L3,1138,36,40,OP01
2024-02-20,Mañana,L4,1165,49,30,OP06
2024-02-20,Tarde,L1,1114,77,11,OP01
2024-02-20,Tarde,L2,1068,38,42,OP11
2024-02-20,Tarde,L3,1131,17,54,OP10
2024-02-20,Tarde,L4,1075,71,48,OP10
2024-02-20,Noche,L1,1156,66,3,OP10
2024-02-20,Noche,L2,1111,49,22,OP01
2024-02-20,Noche,L3,1105,42,50,OP01
2024-02-20,Noche,L4,917,72,9,OP07
2024-02-21,Mañana,L1,942,43,57,OP08
2024-02-21,Mañana,L2,1131,24,5,OP07
2024-02-21,Mañana,L3,1095,51,16,OP06
2024-02-21,Mañana,L4,821,58,55,OP02
2024-02-21,Tarde,L1,1091,39,49,OP09
2024-02-21,Tarde,L2,862,45,18,OP04
2024-02-21,Tarde,L3,1114,61,24,OP05
2024-02-21,Tarde,L4,959,55,58,OP09
2024-02-21,Noche,L1,1100,27,26,OP09
2024-02-21,Noche,L2,1066,26,18,OP04
2024-02-21,Noche,L3,940,34,14,OP07
2024-02-21,Noche,L4,1060,33,30,OP11
2024-02-22,Mañana,L1,913,49,20,OP06
2024-02-22,Mañana,L2,1081,66,31,OP02
2024-02-22,Mañana,L3,951,66,45,OP05
2024-02-22,Mañana,L4,901,62,22,OP01
2024-02-22,Tarde,L1,1027,45,14,OP01
2024-02-22,Tarde,L2,868,34,0,OP07
2024-02-22,Tarde,L3,1036,32,27,OP02
2024-02-22,Tarde,L4,955,64,37,OP04
2024-02-22,Noche,L1,954,28,3,OP04
2024-02-22,Noche,L2,1157,14,13,OP08
2024-02-22,Noche,L3,958,9,32,OP01
2024-02-22,Noche,L4,947,17,50,OP02
2024-02-23,Mañana,L1,825,23,34,OP08
2024-02-23,Mañana,L2,822,35,12,OP07
2024-02-23,Mañana,L3,1061,75,6,OP10
2024-02-23,Mañana,L4,1021,12,22,OP09
2024-02-23,Tarde,L1,1058,40,34,OP09
2024-02-23,Tarde,L2,919,27,18,OP09
2024-02-23,Tarde,L3,1124,44,4,OP07
2024-02-23,Tarde,L4,1185,23,49,OP04
2024-02-23,Noche,L1,940,37,31,OP04
2024-02-23,Noche,L2,1070,57,40,OP06
2024-02-23,Noche,L3,814,59,0,OP10
2024-02-23,Noche,L4,1137,35,1,OP01
2024-02-24,Mañana,L1,1014,69,18,OP12
2024-02-24,Mañana,L2,1145,44,49,OP10
2024-02-24,Mañana,L3,847,26,20,OP06
2024-02-24,Mañana,L4,824,13,13,OP03
2024-02-24,Tarde,L1,874,27,12,OP12
2024-02-24,Tarde,L2,834,26,29,OP01
2024-02-24,Tarde,L3,1088,34,6,OP02
2024-02-24,Tarde,L4,1066,17,32,OP09
2024-02-24,Noche,L1,889,24,23,OP08
2024-02-24,Noche,L2,893,59,45,OP07
2024-02-24,Noche,L3,887,64,37,OP07
2024-02-24,Noche,L4,1098,49,31,OP12
2024-02-25,Mañana,L1,1118,61,2,OP06
2024-02-25,Mañana,L2,1132,72,52,OP12
2024-02-25,Mañana,L3,1086,75,9,OP07
2024-02-25,Mañana,L4,801,19,28,OP04
2024-02-25,Tarde,L1,895,33,28,OP12
2024-02-25,Tarde,L2,903,37,18,OP12
2024-02-25,Tarde,L3,910,56,16,OP06
2024-02-25,Tarde,L4,819,22,28,OP09
2024-02-25,Noche,L1,892,46,16,OP03
2024-02-25,Noche,L2,1158,45,9,OP01
2024-02-25,Noche,L3,895,34,5,OP10
2024-02-25,Noche,L4,868,10,21,OP06
2024-02-26,Mañana,L1,945,34,30,OP12
2024-02-26,Mañana,L2,846,61,0,OP03
2024-02-26,Mañana,L3,1170,89,14,OP10
2024-02-26,Mañana,L4,1115,76,43,OP06
2024-02-26,Tarde,L1,1044,65,40,OP08
2024-02-26,Tarde,L2,877,47,59,OP11
2024-02-26,Tarde,L3,1024,61,3,OP09
2024-02-26,Tarde,L4,818,43,20,OP04
2024-02-26,Noche,L1,995,57,35,OP10
2024-02-26,Noche,L2,1037,32,15,OP09
2024-02-26,Noche,L3,917,15,41,OP06
2024-02-26,Noche,L4,812,56,49,OP10
2024-02-27,Mañana,L1,1044,79,0,OP05
2024-02-27,Mañana,L2,1066,71,17,OP04
2024-02-27,Mañana,L3,831,27,14,OP09
2024-02-27,Mañana,L4,1090,55,1,OP10
2024-02-27,Tarde,L1,913,29,10,OP02
2024-02-27,Tarde,L2,1122,53,8,OP10
2024-02-27,Tarde,L3,857,60,50,OP05
2024-02-27,Tarde,L4,814,20,14,OP02
2024-02-27,Noche,L1,1164,82,38,OP01
2024-02-27,Noche,L2,1072,38,27,OP02
2024-02-27,Noche,L3,866,42,43,OP04
2024-02-27,Noche,L4,996,55,59,OP03
2024-02-28,Mañana,L1,1106,67,48,OP02
2024-02-28,Mañana,L2,1144,69,22,OP05
2024-02-28,Mañana,L3,876,49,7,OP11
2024-02-28,Mañana,L4,1090,56,8,OP02
2024-02-28,Tarde,L1,938,15,26,OP06
2024-02-28,Tarde,L2,904,70,43,OP03
2024-02-28,Tarde,L3,1065,79,21,OP04
2024-02-28,Tarde,L4,928,46,36,OP07
2024-02-28,Noche,L1,1140,55,29,OP11
2024-02-28,Noche,L2,876,17,22,OP10
2024-02-28,Noche,L3,820,49,59,OP04
2024-02-28,Noche,L4,1036,17,47,OP11
2024-02-29,Mañana,L1,1142,29,33,OP12
2024-02-29,Mañana,L2,902,57,57,OP02
2024-02-29,Mañana,L3,1154,56,47,OP10
2024-02-29,Mañana,L4,1081,17,51,OP04
2024-02-29,Tarde,L1,921,31,2,OP12
2024-02-29,Tarde,L2,1144,27,47,OP12
2024-02-29,Tarde,L3,1044,18,8,OP02
2024-02-29,Tarde,L4,810,22,7,OP05
2024-02-29,Noche,L1,857,22,11,OP03
2024-02-29,Noche,L2,802,35,20,OP02
2024-02-29,Noche,L3,887,12,24,OP02
2024-02-29,Noche,L4,958,41,46,OP09
2024-03-01,Mañana,L1,802,28,6,OP05
2024-03-01,Mañana,L2,1003,45,10,OP01
2024-03-01,Mañana,L3,802,27,54,OP07
2024-03-01,Mañana,L4,1140,68,5,OP07
2024-03-01,Tarde,L1,1165,92,27,OP03
2024-03-01,Tarde,L2,1122,30,36,OP05
2024-03-01,Tarde,L3,952,13,58,OP09
2024-03-01,Tarde,L4,1141,57,45,OP09
2024-03-01,Noche,L1,1179,92,26,OP02
2024-03-01,Noche,L2,837,29,55,OP12
2024-03-01,Noche,L3,806,8,42,OP03
2024-03-01,Noche,L4,1068,22,58,OP10
2024-03-02,Mañana,L1,831,26,51,OP02
2024-03-02,Mañana,L2,826,16,0,OP10
2024-03-02,Mañana,L3,1107,30,13,OP09
2024-03-02,Mañana,L4,878,12,21,OP10
2024-03-02,Tarde,L1,815,26,17,OP04
2024-03-02,Tarde,L2,1085,82,35,OP07
2024-03-02,Tarde,L3,1149,17,1,OP01
2024-03-02,Tarde,L4,1018,28,57,OP01
2024-03-02,Noche,L1,1066,79,45,OP03
2024-03-02,Noche,L2,1134,37,45,OP06
2024-03-02,Noche,L3,1080,77,40,OP06
2024-03-02,Noche,L4,898,50,6,OP03
2024-03-03,Mañana,L1,1103,72,51,OP03
2024-03-03,Mañana,L2,908,46,31,OP09
2024-03-03,Mañana,L3,912,41,56,OP12
2024-03-03,Mañana,L4,836,47,40,OP06
2024-03-03,Tarde,L1,1048,30,38,OP01
2024-03-03,Tarde,L2,1119,35,14,OP08
2024-03-03,Tarde,L3,1185,34,25,OP01
2024-03-03,Tarde,L4,946,19,47,OP09
2024-03-03,Noche,L1,1053,51,24,OP10
2024-03-03,Noche,L2,1169,12,9,OP03
2024-03-03,Noche,L3,887,27,58,OP01
2024-03-03,Noche,L4,1127,42,57,OP08
2024-03-04,Mañana,L1,1160,49,58,OP11
2024-03-04,Mañana,L2,914,20,20,OP05
2024-03-04,Mañana,L3,995,30,58,OP08
2024-03-04,Mañana,L4,1069,63,43,OP08
2024-03-04,Tarde,L1,804,52,25,OP08
2024-03-04,Tarde,L2,858,15,7,OP08
2024-03-04,Tarde,L3,1116,62,34,OP06
2024-03-04,Tarde,L4,980,29,1,OP08
2024-03-04,Noche,L1,1195,83,35,OP12
2024-03-04,Noche,L2,807,34,58,OP06
2024-03-04,Noche,L3,928,69,2,OP08
2024-03-04,Noche,L4,1150,32,22,OP02
2024-03-05,Mañana,L1,847,40,45,OP07
2024-03-05,Mañana,L2,946,36,43,OP10
2024-03-05,Mañana,L3,937,32,22,OP07
2024-03-05,Mañana,L4,827,65,29,OP05
2024-03-05,Tarde,L1,1091,86,32,OP03
2024-03-05,Tarde,L2,1190,36,10,OP07
2024-03-05,Tarde,L3,900,9,11,OP08
2024-03-05,Tarde,L4,918,49,16,OP08
2024-03-05,Noche,L1,883,21,53,OP07
2024-03-05,Noche,L2,1166,12,27,OP03
2024-03-05,Noche,L3,1083,51,34,OP03
2024-03-05,Noche,L4,808,33,31,OP03
2024-03-06,Mañana,L1,906,13,48,OP01
2024-03-06,Mañana,L2,1000,54,23,OP11
2024-03-06,Mañana,L3,869,45,52,OP04
2024-03-06,Mañana,L4,1147,20,24,OP03
2024-03-06,Tarde,L1,1132,49,40,OP10
2024-03-06,Tarde,L2,928,41,41,OP01
2024-03-06,Tarde,L3,879,34,5,OP12
2024-03-06,Tarde,L4,1183,26,57,OP01
2024-03-06,Noche,L1,824,13,4,OP09
2024-03-06,Noche,L2,1047,62,39,OP03
2024-03-06,Noche,L3,1030,37,23,OP01
2024-03-06,Noche,L4,872,15,54,OP02
2024-03-07,Mañana,L1,805,52,37,OP04
2024-03-07,Mañana,L2,924,35,10,OP12
2024-03-07,Mañana,L3,1161,75,7,OP03
2024-03-07,Mañana,L4,1014,42,12,OP09
2024-03-07,Tarde,L1,941,57,53,OP12
2024-03-07,Tarde,L2,874,64,23,OP07
2024-03-07,Tarde,L3,977,49,45,OP03
2024-03-07,Tarde,L4,952,47,6,OP10
2024-03-07,Noche,L1,870,67,51,OP03
2024-03-07,Noche,L2,1168,15,39,OP12
2024-03-07,Noche,L3,1059,29,9,OP07
2024-03-07,Noche,L4,907,52,27,OP12
2024-03-08,Mañana,L1,938,43,14,OP01
2024-03-08,Mañana,L2,1086,83,31,OP07
2024-03-08,Mañana,L3,920,72,35,OP12
2024-03-08,Mañana,L4,1100,44,5,OP10
2024-03-08,Tarde,L1,1036,78,14,OP10
2024-03-08,Tarde,L2,1126,40,54,OP02
2024-03-08,Tarde,L3,936,25,36,OP10
2024-03-08,Tarde,L4,1044,50,23,OP10
2024-03-08,Noche,L1,982,43,10,OP09
2024-03-08,Noche,L2,908,59,48,OP05
2024-03-08,Noche,L3,814,57,45,OP10
2024-03-08,Noche,L4,814,38,43,OP09
2024-03-09,Mañana,L1,898,20,36,OP03
2024-03-09,Mañana,L2,1163,31,6,OP11
2024-03-09,Mañana,L3,1117,55,5,OP10
2024-03-09,Mañana,L4,1019,71,30,OP10
2024-03-09,Tarde,L1,1103,72,33,OP08
2024-03-09,Tarde,L2,891,70,16,OP12
2024-03-09,Tarde,L3,987,21,50,OP01
2024-03-09,Tarde,L4,853,17,33,OP02
2024-03-09,Noche,L1,881,26,12,OP12
2024-03-09,Noche,L2,877,20,58,OP10
2024-03-09,Noche,L3,1195,64,15,OP05
2024-03-09,Noche,L4,846,14,18,OP09
2024-03-10,Mañana,L1,971,59,18,OP05
2024-03-10,Mañana,L2,955,47,16,OP11
2024-03-10,Mañana,L3,990,19,50,OP03
2024-03-10,Mañana,L4,866,31,40,OP11
2024-03-10,Tarde,L1,853,18,53,OP06
2024-03-10,Tarde,L2,884,58,26,OP09
2024-03-10,Tarde,L3,1063,62,20,OP01
2024-03-10,Tarde,L4,989,13,21,OP09
2024-03-10,Noche,L1,951,23,20,OP10
2024-03-10,Noche,L2,1113,42,56,OP04
2024-03-10,Noche,L3,949,50,0,OP12
2024-03-10,Noche,L4,836,24,37,OP07
2024-03-11,Mañana,L1,1051,35,47,OP06
2024-03-11,Mañana,L2,1133,35,24,OP05
2024-03-11,Mañana,L3,1104,44,19,OP06
2024-03-11,Mañana,L4,806,58,13,OP04
2024-03-11,Tarde,L1,950,20,25,OP11
2024-03-11,Tarde,L2,1152,83,13,OP08
2024-03-11,Tarde,L3,1039,45,32,OP04
2024-03-11,Tarde,L4,1143,42,0,OP05
2024-03-11,Noche,L1,876,16,44,OP10
2024-03-11,Noche,L2,847,17,54,OP07
2024-03-11,Noche,L3,1140,12,52,OP01
2024-03-11,Noche,L4,1045,43,11,OP10
2024-03-12,Mañana,L1,975,36,47,OP01
2024-03-12,Mañana,L2,968,30,33,OP03
2024-03-12,Mañana,L3,812,27,15,OP10
2024-03-12,Mañana,L4,995,75,26,OP07
2024-03-12,Tarde,L1,1090,82,37,OP08
2024-03-12,Tarde,L2,953,26,56,OP10
2024-03-12,Tarde,L3,1150,59,49,OP09
2024-03-12,Tarde,L4,904,51,10,OP07
2024-03-12,Noche,L1,1081,57,42,OP11
2024-03-12,Noche,L2,892,28,7,OP04
2024-03-12,Noche,L3,936,32,28,OP08
2024-03-12,Noche,L4,994,33,40,OP12
2024-03-13,Mañana,L1,1015,41,13,OP09
2024-03-13,Mañana,L2,819,64,42,OP09
2024-03-13,Mañana,L3,872,60,54,OP04
2024-03-13,Mañana,L4,1034,21,46,OP08
2024-03-13,Tarde,L1,916,46,24,OP10
2024-03-13,Tarde,L2,938,25,13,OP08
2024-03-13,Tarde,L3,992,40,6,OP01
2024-03-13,Tarde,L4,841,29,12,OP06
2024-03-13,Noche,L1,1096,72,7,OP10
2024-03-13,Noche,L2,1118,42,21,OP06
2024-03-13,Noche,L3,870,51,4,OP01
2024-03-13,Noche,L4,958,21,47,OP12
2024-03-14,Mañana,L1,869,48,30,OP01
2024-03-14,Mañana,L2,1057,42,9,OP06
2024-03-14,Mañana,L3,982,78,20,OP05
2024-03-14,Mañana,L4,873,53,41,OP10
2024-03-14,Tarde,L1,962,55,49,OP03
2024-03-14,Tarde,L2,1172,73,15,OP02
2024-03-14,Tarde,L3,894,60,45,OP07
2024-03-14,Tarde,L4,960,59,18,OP10
2024-03-14,Noche,L1,972,34,5,OP02
2024-03-14,Noche,L2,1018,37,28,OP04
2024-03-14,Noche,L3,889,18,36,OP09
2024-03-14,Noche,L4,1117,45,31,OP08
2024-03-15,Mañana,L1,915,65,47,OP10
2024-03-15,Mañana,L2,1048,30,30,OP11
2024-03-15,Mañana,L3,969,55,9,OP01
2024-03-15,Mañana,L4,928,45,37,OP09
2024-03-15,Tarde,L1,854,57,3,OP07
2024-03-15,Tarde,L2,942,39,1,OP08
2024-03-15,Tarde,L3,867,28,36,OP05
2024-03-15,Tarde,L4,1135,61,19,OP09
2024-03-15,Noche,L1,1157,80,47,OP05
2024-03-15,Noche,L2,1134,77,42,OP03
2024-03-15,Noche,L3,820,40,31,OP02
2024-03-15,Noche,L4,1180,72,0,OP01
2024-03-16,Mañana,L1,965,64,32,OP12
2024-03-16,Mañana,L2,1105,73,40,OP03
2024-03-16,Mañana,L3,958,56,10,OP04
2024-03-16,Mañana,L4,948,22,28,OP08
2024-03-16,Tarde,L1,1179,45,41,OP03
2024-03-16,Tarde,L2,1028,70,9,OP07
2024-03-16,Tarde,L3,896,56,55,OP02
2024-03-16,Tarde,L4,809,31,32,OP09
2024-03-16,Noche,L1,1042,74,26,OP08
2024-03-16,Noche,L2,884,51,18,OP04
2024-03-16,Noche,L3,909,12,50,OP06
2024-03-16,Noche,L4,1028,36,34,OP01
2024-03-17,Mañana,L1,1034,79,53,OP01
2024-03-17,Mañana,L2,821,39,4,OP08
2024-03-17,Mañana,L3,966,73,15,OP12
2024-03-17,Mañana,L4,1193,48,1,OP05
2024-03-17,Tarde,L1,1033,43,44,OP11
2024-03-17,Tarde,L2,1010,32,44,OP04
2024-03-17,Tarde,L3,1178,93,26,OP12
2024-03-17,Tarde,L4,803,29,1,OP10
2024-03-17,Noche,L1,925,63,26,OP05
2024-03-17,Noche,L2,1054,33,18,OP06
2024-03-17,Noche,L3,869,58,36,OP12
2024-03-17,Noche,L4,1070,35,0,OP01
2024-03-18,Mañana,L1,1052,65,11,OP08
2024-03-18,Mañana,L2,1101,83,12,OP05
2024-03-18,Mañana,L3,886,28,45,OP01
2024-03-18,Mañana,L4,1194,34,7,OP09
2024-03-18,Tarde,L1,999,40,12,OP08
2024-03-18,Tarde,L2,887,68,36,OP06
2024-03-18,Tarde,L3,1094,74,13,OP07
2024-03-18,Tarde,L4,814,15,51,OP12
2024-03-18,Noche,L1,1176,85,42,OP07
2024-03-18,Noche,L2,951,48,41,OP06
2024-03-18,Noche,L3,892,68,36,OP02
2024-03-18,Noche,L4,1113,82,45,OP06
2024-03-19,Mañana,L1,843,28,51,OP08
2024-03-19,Mañana,L2,884,23,34,OP12
2024-03-19,Mañana,L3,1001,11,32,OP04
2024-03-19,Mañana,L4,1128,75,23,OP06
2024-03-19,Tarde,L1,1003,45,56,OP09
2024-03-19,Tarde,L2,858,34,59,OP02
2024-03-19,Tarde,L3,840,41,10,OP05
2024-03-19,Tarde,L4,999,41,4,OP08
2024-03-19,Noche,L1,837,64,56,OP08
2024-03-19,Noche,L2,845,44,25,OP09
2024-03-19,Noche,L3,943,70,54,OP10
2024-03-19,Noche,L4,984,12,24,OP02
2024-03-20,Mañana,L1,958,66,27,OP03
2024-03-20,Mañana,L2,899,36,12,OP09
2024-03-20,Mañana,L3,1074,60,34,OP02
2024-03-20,Mañana,L4,1173,60,8,OP02
2024-03-20,Tarde,L1,998,66,13,OP12
2024-03-20,Tarde,L2,931,67,22,OP08
2024-03-20,Tarde,L3,1063,52,31,OP04
2024-03-20,Tarde,L4,1005,33,39,OP03
2024-03-20,Noche,L1,941,54,22,OP03
2024-03-20,Noche,L2,1143,72,52,OP06
2024-03-20,Noche,L3,875,60,28,OP12
2024-03-20,Noche,L4,1110,16,36,OP03
2024-03-21,Mañana,L1,827,47,52,OP12
2024-03-21,Mañana,L2,871,39,34,OP10
2024-03-21,Mañana,L3,1184,67,23,OP07
2024-03-21,Mañana,L4,921,47,5,OP10
2024-03-21,Tarde,L1,914,24,47,OP02
2024-03-21,Tarde,L2,1128,29,31,OP03
2024-03-21,Tarde,L3,1119,38,28,OP08
2024-03-21,Tarde,L4,909,13,27,OP06
2024-03-21,Noche,L1,1078,74,59,OP11
2024-03-21,Noche,L2,1008,72,20,OP06
2024-03-21,Noche,L3,1063,15,47,OP12
2024-03-21,Noche,L4,928,67,0,OP07
2024-03-22,Mañana,L1,822,46,17,OP12
2024-03-22,Mañana,L2,868,13,17,OP04
2024-03-22,Mañana,L3,1084,26,23,OP07
2024-03-22,Mañana,L4,995,29,38,OP07
2024-03-22,Tarde,L1,1152,21,28,OP01
2024-03-22,Tarde,L2,835,54,3,OP11
2024-03-22,Tarde,L3,1149,89,37,OP03
2024-03-22,Tarde,L4,878,44,18,OP07
2024-03-22,Noche,L1,828,21,35,OP10
2024-03-22,Noche,L2,1074,69,3,OP11
2024-03-22,Noche,L3,926,41,32,OP10
2024-03-22,Noche,L4,961,20,2,OP03
2024-03-23,Mañana,L1,1132,70,36,OP12
2024-03-23,Mañana,L2,1167,41,40,OP12
2024-03-23,Mañana,L3,1169,64,52,OP11
2024-03-23,Mañana,L4,1117,21,53,OP10
2024-03-23,Tarde,L1,963,25,31,OP12
2024-03-23,Tarde,L2,1105,75,38,OP01
2024-03-23,Tarde,L3,1170,22,59,OP02
2024-03-23,Tarde,L4,836,36,53,OP01
2024-03-23,Noche,L1,1096,48,41,OP11
2024-03-23,Noche,L2,1018,27,52,OP11
2024-03-23,Noche,L3,1173,88,33,OP11
2024-03-23,Noche,L4,1116,78,36,OP03
2024-03-24,Mañana,L1,1126,79,26,OP01
2024-03-24,Mañana,L2,955,22,41,OP03
2024-03-24,Mañana,L3,1003,52,38,OP04
2024-03-24,Mañana,L4,937,18,42,OP03
2024-03-24,Tarde,L1,820,55,49,OP07
2024-03-24,Tarde,L2,1147,91,6,OP09
2024-03-24,Tarde,L3,1099,22,45,OP11
2024-03-24,Tarde,L4,921,18,22,OP11
2024-03-24,Noche,L1,814,26,1,OP04
2024-03-24,Noche,L2,842,40,41,OP07
2024-03-24,Noche,L3,1003,48,20,OP07
2024-03-24,Noche,L4,1107,41,40,OP10
2024-03-25,Mañana,L1,1047,64,41,OP09
2024-03-25,Mañana,L2,1145,25,51,OP08
2024-03-25,Mañana,L3,957,9,12,OP07
2024-03-25,Mañana,L4,930,26,10,OP09
2024-03-25,Tarde,L1,890,57,29,OP11
2024-03-25,Tarde,L2,905,17,42,OP12
2024-03-25,Tarde,L3,1059,62,53,OP02
2024-03-25,Tarde,L4,889,57,27,OP05
2024-03-25,Noche,L1,1095,79,44,OP07
2024-03-25,Noche,L2,968,15,56,OP09
2024-03-25,Noche,L3,1168,64,29,OP07
2024-03-25,Noche,L4,1045,82,26,OP02
2024-03-26,Mañana,L1,842,17,45,OP11
2024-03-26,Mañana,L2,1146,87,21,OP04
2024-03-26,Mañana,L3,925,12,17,OP12
2024-03-26,Mañana,L4,1032,53,24,OP06
2024-03-26,Tarde,L1,1179,47,52,OP08
2024-03-26,Tarde,L2,1160,62,10,OP11
2024-03-26,Tarde,L3,1049,59,25,OP11
2024-03-26,Tarde,L4,933,13,14,OP03
2024-03-26,Noche,L1,1127,58,15,OP08
2024-03-26,Noche,L2,1179,47,4,OP06
2024-03-26,Noche,L3,1193,91,43,OP07
2024-03-26,Noche,L4,1164,13,53,OP09
2024-03-27,Mañana,L1,884,28,11,OP08
2024-03-27,Mañana,L2,976,50,10,OP04
2024-03-27,Mañana,L3,1074,35,10,OP06
2024-03-27,Mañana,L4,1085,66,17,OP10
2024-03-27,Tarde,L1,950,68,4,OP05
2024-03-27,Tarde,L2,883,26,46,OP07
2024-03-27,Tarde,L3,927,72,31,OP06
2024-03-27,Tarde,L4,1146,47,43,OP06
2024-03-27,Noche,L1,1050,20,9,OP07
2024-03-27,Noche,L2,909,44,51,OP05
2024-03-27,Noche,L3,901,64,25,OP09
2024-03-27,Noche,L4,1048,40,28,OP03
2024-03-28,Mañana,L1,1014,36,6,OP01
2024-03-28,Mañana,L2,931,19,56,OP08
2024-03-28,Mañana,L3,1020,69,30,OP02
2024-03-28,Mañana,L4,1165,91,28,OP12
2024-03-28,Tarde,L1,950,57,52,OP12
2024-03-28,Tarde,L2,972,39,41,OP08
2024-03-28,Tarde,L3,901,56,41,OP02
2024-03-28,Tarde,L4,1173,77,13,OP06
2024-03-28,Noche,L1,941,35,56,OP11
2024-03-28,Noche,L2,1002,65,47,OP03
2024-03-28,Noche,L3,952,29,20,OP07
2024-03-28,Noche,L4,946,36,57,OP08
2024-03-29,Mañana,L1,980,16,35,OP07
2024-03-29,Mañana,L2,1193,45,3,OP02
2024-03-29,Mañana,L3,926,41,24,OP04
2024-03-29,Mañana,L4,1151,60,31,OP09
2024-03-29,Tarde,L1,808,60,52,OP05
2024-03-29,Tarde,L2,1027,11,25,OP04
2024-03-29,Tarde,L3,823,10,31,OP06
2024-03-29,Tarde,L4,878,14,26,OP05
2024-03-29,Noche,L1,1078,45,2,OP09
2024-03-29,Noche,L2,853,36,53,OP05
2024-03-29,Noche,L3,1153,49,33,OP10
2024-03-29,Noche,L4,856,21,55,OP03
2024-03-30,Mañana,L1,1079,42,46,OP03
2024-03-30,Mañana,L2,877,55,5,OP06
2024-03-30,Mañana,L3,828,37,53,OP08
2024-03-30,Mañana,L4,868,43,52,OP05
2024-03-30,Tarde,L1,1037,18,22,OP03
2024-03-30,Tarde,L2,1095,73,49,OP03
2024-03-30,Tarde,L3,824,26,49,OP04
2024-03-30,Tarde,L4,831,17,59,OP09
2024-03-30,Noche,L1,824,60,10,OP12
2024-03-30,Noche,L2,1076,75,8,OP06
2024-03-30,Noche,L3,868,53,16,OP04
2024-03-30,Noche,L4,1140,69,2,OP09
2024-03-31,Mañana,L1,1038,35,11,OP02
2024-03-31,Mañana,L2,957,24,19,OP10
2024-03-31,Mañana,L3,1162,23,30,OP08
2024-03-31,Mañana,L4,1002,49,49,OP09
2024-03-31,Tarde,L1,1061,51,16,OP08
2024-03-31,Tarde,L2,1078,65,39,OP01
2024-03-31,Tarde,L3,1121,79,22,OP01
2024-03-31,Tarde,L4,1103,34,36,OP06
2024-03-31,Noche,L1,831,29,54,OP06
2024-03-31,Noche,L2,854,47,26,OP07
2024-03-31,Noche,L3,1134,82,38,OP06
2024-03-31,Noche,L4,1103,73,33,OP03
2024-04-01,Mañana,L1,850,26,35,OP01
2024-04-01,Mañana,L2,869,9,47,OP03
2024-04-01,Mañana,L3,1159,88,32,OP11
2024-04-01,Mañana,L4,988,38,56,OP03
2024-04-01,Tarde,L1,803,61,14,OP07
2024-04-01,Tarde,L2,926,63,9,OP03
2024-04-01,Tarde,L3,1153,80,58,OP12
2024-04-01,Tarde,L4,925,70,23,OP06
2024-04-01,Noche,L1,1135,61,33,OP04
2024-04-01,Noche,L2,1113,59,19,OP10
2024-04-01,Noche,L3,966,76,23,OP12
2024-04-01,Noche,L4,921,25,1,OP11
2024-04-02,Mañana,L1,1170,76,59,OP05
2024-04-02,Mañana,L2,1047,19,9,OP03
2024-04-02,Mañana,L3,869,19,32,OP12
2024-04-02,Mañana,L4,863,29,18,OP11
2024-04-02,Tarde,L1,926,13,46,OP09
2024-04-02,Tarde,L2,1117,53,54,OP11
2024-04-02,Tarde,L3,948,25,26,OP08
2024-04-02,Tarde,L4,872,57,3,OP09
2024-04-02,Noche,L1,1011,13,32,OP06
2024-04-02,Noche,L2,1149,44,21,OP08
2024-04-02,Noche,L3,1079,67,7,OP11
2024-04-02,Noche,L4,1032,70,40,OP01
2024-04-03,Mañana,L1,1041,13,29,OP05
2024-04-03,Mañana,L2,1134,30,19,OP07
2024-04-03,Mañana,L3,1137,74,19,OP04
2024-04-03,Mañana,L4,883,26,43,OP02
2024-04-03,Tarde,L1,882,55,37,OP12
2024-04-03,Tarde,L2,943,62,51,OP10
2024-04-03,Tarde,L3,804,55,20,OP01
2024-04-03,Tarde,L4,1089,61,2,OP05
2024-04-03,Noche,L1,1124,23,9,OP12
2024-04-03,Noche,L2,1170,15,52,OP12
2024-04-03,Noche,L3,1106,42,10,OP08
2024-04-03,Noche,L4,985,29,13,OP04
2024-04-04,Mañana,L1,1041,41,14,OP05
2024-04-04,Mañana,L2,1021,19,6,OP02
2024-04-04,Mañana,L3,1043,43,17,OP09
2024-04-04,Mañana,L4,949,59,3,OP02
2024-04-04,Tarde,L1,903,39,1,OP03
2024-04-04,Tarde,L2,884,11,37,OP11
2024-04-04,Tarde,L3,990,48,50,OP06
2024-04-04,Tarde,L4,1114,44,35,OP04
2024-04-04,Noche,L1,885,61,38,OP10
2024-04-04,Noche,L2,894,48,33,OP08
2024-04-04,Noche,L3,828,17,54,OP03
2024-04-04,Noche,L4,930,40,33,OP09
2024-04-05,Mañana,L1,1044,51,13,OP08
2024-04-05,Mañana,L2,1158,53,4,OP04
2024-04-05,Mañana,L3,1012,51,39,OP07
2024-04-05,Mañana,L4,1040,32,4,OP05
2024-04-05,Tarde,L1,834,34,1,OP10
2024-04-05,Tarde,L2,1034,43,19,OP07
2024-04-05,Tarde,L3,1065,83,16,OP11
2024-04-05,Tarde,L4,1030,14,30,OP02
2024-04-05,Noche,L1,1189,26,39,OP10
2024-04-05,Noche,L2,981,59,35,OP01
2024-04-05,Noche,L3,1085,55,11,OP02
2024-04-05,Noche,L4,1181,41,46,OP03
2024-04-06,Mañana,L1,1142,47,15,OP05
2024-04-06,Mañana,L2,841,35,16,OP02
2024-04-06,Mañana,L3,1175,72,57,OP04
2024-04-06,Mañana,L4,896,29,43,OP06
2024-04-06,Tarde,L1,1126,63,33,OP06
2024-04-06,Tarde,L2,858,37,2,OP05
2024-04-06,Tarde,L3,1053,17,39,OP04
2024-04-06,Tarde,L4,1071,75,41,OP08
2024-04-06,Noche,L1,1024,80,15,OP03
2024-04-06,Noche,L2,1002,12,37,OP08
2024-04-06,Noche,L3,868,30,2,OP11
2024-04-06,Noche,L4,865,57,49,OP01
2024-04-07,Mañana,L1,847,34,19,OP01
2024-04-07,Mañana,L2,1161,35,25,OP09
2024-04-07,Mañana,L3,1056,71,20,OP03
2024-04-07,Mañana,L4,903,47,57,OP07
2024-04-07,Tarde,L1,1188,71,37,OP01
2024-04-07,Tarde,L2,1170,86,11,OP05
2024-04-07,Tarde,L3,908,26,9,OP06
2024-04-07,Tarde,L4,817,63,30,OP07
2024-04-07,Noche,L1,823,59,4,OP06
2024-04-07,Noche,L2,990,34,36,OP05
2024-04-07,Noche,L3,1033,43,7,OP03
2024-04-07,Noche,L4,1015,34,42,OP04
2024-04-08,Mañana,L1,1103,77,15,OP06
2024-04-08,Mañana,L2,997,47,53,OP01
2024-04-08,Mañana,L3,1071,79,39,OP09
2024-04-08,Mañana,L4,812,19,8,OP01
2024-04-08,Tarde,L1,809,56,30,OP12
2024-04-08,Tarde,L2,1139,46,23,OP10
2024-04-08,Tarde,L3,969,28,42,OP10
2024-04-08,Tarde,L4,918,56,24,OP07
2024-04-08,Noche,L1,1030,64,17,OP04
2024-04-08,Noche,L2,1182,56,56,OP06
2024-04-08,Noche,L3,1166,22,12,OP08
2024-04-08,Noche,L4,866,28,11,OP11
2024-04-09,Mañana,L1,958,24,5,OP08
2024-04-09,Mañana,L2,1144,27,40,OP03
2024-04-09,Mañana,L3,1176,74,7,OP05
2024-04-09,Mañana,L4,1138,83,59,OP12
2024-04-09,Tarde,L1,887,50,0,OP04
2024-04-09,Tarde,L2,815,49,9,OP01
2024-04-09,Tarde,L3,1199,73,4,OP10
2024-04-09,Tarde,L4,1162,71,7,OP05
2024-04-09,Noche,L1,1131,17,35,OP11
2024-04-09,Noche,L2,1057,65,35,OP02
2024-04-09,Noche,L3,819,31,12,OP12
2024-04-09,Noche,L4,1042,82,35,OP09
2024-04-10,Mañana,L1,1070,62,20,OP10
2024-04-10,Mañana,L2,818,54,24,OP05
2024-04-10,Mañana,L3,1156,17,43,OP07
2024-04-10,Mañana,L4,812,52,35,OP06
2024-04-10,Tarde,L1,841,62,44,OP11
2024-04-10,Tarde,L2,1194,21,31,OP07
2024-04-10,Tarde,L3,1019,13,18,OP03
2024-04-10,Tarde,L4,1024,55,56,OP01
2024-04-10,Noche,L1,1191,72,36,OP12
2024-04-10,Noche,L2,935,35,36,OP12
2024-04-10,Noche,L3,1194,32,33,OP09
2024-04-10,Noche,L4,900,39,10,OP10
2024-04-11,Mañana,L1,917,65,19,OP09
2024-04-11,Mañana,L2,855,56,34,OP09
2024-04-11,Mañana,L3,936,62,19,OP05
2024-04-11,Mañana,L4,1157,24,37,OP09
2024-04-11,Tarde,L1,1153,35,44,OP02
2024-04-11,Tarde,L2,824,25,30,OP05
2024-04-11,Tarde,L3,911,64,58,OP06
2024-04-11,Tarde,L4,1004,56,56,OP03
2024-04-11,Noche,L1,1156,49,7,OP06
2024-04-11,Noche,L2,874,58,35,OP05
2024-04-11,Noche,L3,814,30,53,OP07
2024-04-11,Noche,L4,1183,43,43,OP07
2024-04-12,Mañana,L1,1043,56,11,OP05
2024-04-12,Mañana,L2,984,19,44,OP09
2024-04-12,Mañana,L3,850,42,58,OP08
2024-04-12,Mañana,L4,839,21,32,OP05
2024-04-12,Tarde,L1,839,23,56,OP04
2024-04-12,Tarde,L2,1040,66,35,OP11
2024-04-12,Tarde,L3,974,23,16,OP11
2024-04-12,Tarde,L4,1198,81,40,OP08
2024-04-12,Noche,L1,990,29,50,OP02
2024-04-12,Noche,L2,1140,89,4,OP08
2024-04-12,Noche,L3,813,52,37,OP10
2024-04-12,Noche,L4,846,36,57,OP10
2024-04-13,Mañana,L1,836,46,0,OP06
2024-04-13,Mañana,L2,1099,58,48,OP06
2024-04-13,Mañana,L3,1076,62,45,OP12
2024-04-13,Mañana,L4,883,68,22,OP07
2024-04-13,Tarde,L1,1161,28,59,OP11
2024-04-13,Tarde,L2,862,61,37,OP01
2024-04-13,Tarde,L3,1081,67,16,OP09
2024-04-13,Tarde,L4,950,61,3,OP05
2024-04-13,Noche,L1,1053,31,54,OP07
2024-04-13,Noche,L2,1045,56,8,OP12
2024-04-13,Noche,L3,1167,21,42,OP12
2024-04-13,Noche,L4,912,18,59,OP03
2024-04-14,Mañana,L1,861,16,59,OP09
2024-04-14,Mañana,L2,1197,83,12,OP03
2024-04-14,Mañana,L3,1033,52,2,OP10
2024-04-14,Mañana,L4,1063,20,35,OP05
2024-04-14,Tarde,L1,1136,26,9,OP09
2024-04-14,Tarde,L2,819,63,9,OP12
2024-04-14,Tarde,L3,892,67,1,OP06
2024-04-14,Tarde,L4,1132,42,8,OP01
2024-04-14,Noche,L1,1109,53,37,OP06
2024-04-14,Noche,L2,880,16,0,OP11
2024-04-14,Noche,L3,1169,75,30,OP08
2024-04-14,Noche,L4,844,11,24,OP06
2024-04-15,Mañana,L1,1042,20,37,OP09
2024-04-15,Mañana,L2,1123,86,7,OP05
2024-04-15,Mañana,L3,1052,67,23,OP04
2024-04-15,Mañana,L4,1039,13,15,OP01
2024-04-15,Tarde,L1,1146,81,16,OP01
2024-04-15,Tarde,L2,859,22,51,OP04
2024-04-15,Tarde,L3,1160,69,18,OP05
2024-04-15,Tarde,L4,861,38,9,OP09
2024-04-15,Noche,L1,940,72,13,OP07
2024-04-15,Noche,L2,1170,77,18,OP01
2024-04-15,Noche,L3,1150,42,52,OP01
2024-04-15,Noche,L4,1045,39,14,OP06
2024-04-16,Mañana,L1,1199,87,32,OP05
2024-04-16,Mañana,L2,1175,87,12,OP04
2024-04-16,Mañana,L3,818,48,18,OP07
2024-04-16,Mañana,L4,853,10,23,OP01
2024-04-16,Tarde,L1,972,37,28,OP02
2024-04-16,Tarde,L2,999,79,37,OP05
2024-04-16,Tarde,L3,1063,69,59,OP07
2024-04-16,Tarde,L4,925,27,45,OP05
2024-04-16,Noche,L1,998,56,41,OP09
2024-04-16,Noche,L2,814,61,23,OP04
2024-04-16,Noche,L3,997,60,1,OP03
2024-04-16,Noche,L4,825,49,11,OP03
2024-04-17,Mañana,L1,1080,15,9,OP10
2024-04-17,Mañana,L2,1005,60,0,OP09
2024-04-17,Mañana,L3,971,75,24,OP05
2024-04-17,Mañana,L4,903,37,3,OP11
2024-04-17,Tarde,L1,1098,46,19,OP12
2024-04-17,Tarde,L2,1162,23,50,OP12
2024-04-17,Tarde,L3,996,43,30,OP12
2024-04-17,Tarde,L4,936,68,53,OP08
2024-04-17,Noche,L1,995,33,40,OP03
2024-04-17,Noche,L2,863,33,26,OP02
2024-04-17,Noche,L3,819,10,15,OP09
2024-04-17,Noche,L4,1082,49,10,OP09
2024-04-18,Mañana,L1,1008,47,42,OP08
2024-04-18,Mañana,L2,1183,64,30,OP06
2024-04-18,Mañana,L3,958,39,17,OP09
2024-04-18,Mañana,L4,1067,19,7,OP01
2024-04-18,Tarde,L1,865,35,40,OP05
2024-04-18,Tarde,L2,848,54,57,OP06
2024-04-18,Tarde,L3,909,55,16,OP10
2024-04-18,Tarde,L4,964,37,30,OP12
2024-04-18,Noche,L1,859,12,0,OP06
2024-04-18,Noche,L2,1196,36,11,OP12
2024-04-18,Noche,L3,1027,14,0,OP02
2024-04-18,Noche,L4,1154,24,38,OP02
2024-04-19,Mañana,L1,818,8,12,OP05
2024-04-19,Mañana,L2,801,40,58,OP06
2024-04-19,Mañana,L3,1070,22,52,OP12
2024-04-19,Mañana,L4,855,16,23,OP01
2024-04-19,Tarde,L1,980,32,45,OP06
2024-04-19,Tarde,L2,1197,62,11,OP07
2024-04-19,Tarde,L3,1185,45,14,OP10
2024-04-19,Tarde,L4,930,50,36,OP04
2024-04-19,Noche,L1,1115,43,36,OP03
2024-04-19,Noche,L2,810,54,17,OP04
2024-04-19,Noche,L3,916,36,59,OP02
2024-04-19,Noche,L4,986,26,52,OP08
2024-04-20,Mañana,L1,881,42,46,OP08
2024-04-20,Mañana,L2,833,66,56,OP08
2024-04-20,Mañana,L3,857,60,26,OP12
2024-04-20,Mañana,L4,887,38,38,OP09
2024-04-20,Tarde,L1,1007,34,59,OP02
2024-04-20,Tarde,L2,822,39,39,OP12
2024-04-20,Tarde,L3,955,11,49,OP09
2024-04-20,Tarde,L4,870,15,30,OP08
2024-04-20,Noche,L1,960,27,19,OP05
2024-04-20,Noche,L2,815,37,43,OP12
2024-04-20,Noche,L3,971,60,8,OP11
2024-04-20,Noche,L4,1075,61,18,OP03
2024-04-21,Mañana,L1,1103,86,30,OP04
2024-04-21,Mañana,L2,829,48,32,OP10
2024-04-21,Mañana,L3,801,35,5,OP01
2024-04-21,Mañana,L4,994,79,59,OP12
2024-04-21,Tarde,L1,1195,77,30,OP10
2024-04-21,Tarde,L2,918,53,28,OP02
2024-04-21,Tarde,L3,908,49,35,OP03
2024-04-21,Tarde,L4,1170,29,12,OP02
2024-04-21,Noche,L1,1030,62,28,OP07
2024-04-21,Noche,L2,888,65,47,OP05
2024-04-21,Noche,L3,970,77,1,OP03
2024-04-21,Noche,L4,1155,62,3,OP01
2024-04-22,Mañana,L1,1002,76,41,OP10
2024-04-22,Mañana,L2,806,63,28,OP04
2024-04-22,Mañana,L3,940,54,54,OP10
2024-04-22,Mañana,L4,1146,40,47,OP09
2024-04-22,Tarde,L1,838,28,1,OP01
2024-04-22,Tarde,L2,1121,61,34,OP04
2024-04-22,Tarde,L3,1057,47,12,OP01
2024-04-22,Tarde,L4,816,14,49,OP01
2024-04-22,Noche,L1,843,22,7,OP02
2024-04-22,Noche,L2,1154,84,5,OP03
2024-04-22,Noche,L3,930,60,54,OP01
2024-04-22,Noche,L4,1000,15,52,OP10
2024-04-23,Mañana,L1,809,17,28,OP11
2024-04-23,Mañana,L2,911,53,9,OP05
2024-04-23,Mañana,L3,987,62,17,OP09
2024-04-23,Mañana,L4,1015,22,10,OP03
2024-04-23,Tarde,L1,1176,14,20,OP12
2024-04-23,Tarde,L2,1012,64,52,OP06
2024-04-23,Tarde,L3,1156,59,1,OP01
2024-04-23,Tarde,L4,1020,80,58,OP12
2024-04-23,Noche,L1,1071,51,19,OP01
2024-04-23,Noche,L2,826,8,59,OP06
2024-04-23,Noche,L3,1044,82,59,OP02
2024-04-23,Noche,L4,837,29,29,OP06
2024-04-24,Mañana,L1,1169,45,40,OP08
2024-04-24,Mañana,L2,970,68,58,OP04
2024-04-24,Mañana,L3,1087,67,50,OP05
2024-04-24,Mañana,L4,916,16,12,OP04
2024-04-24,Tarde,L1,1107,82,24,OP01
2024-04-24,Tarde,L2,1134,42,22,OP10
2024-04-24,Tarde,L3,1171,47,21,OP11
2024-04-24,Tarde,L4,974,65,30,OP08
2024-04-24,Noche,L1,830,33,51,OP07
2024-04-24,Noche,L2,809,33,37,OP05
2024-04-24,Noche,L3,897,13,1,OP06
2024-04-24,Noche,L4,1024,67,12,OP04
2024-04-25,Mañana,L1,1116,57,12,OP08
2024-04-25,Mañana,L2,1079,75,35,OP12
2024-04-25,Mañana,L3,930,19,26,OP08
2024-04-25,Mañana,L4,1155,15,0,OP08
2024-04-25,Tarde,L1,1180,88,9,OP01
2024-04-25,Tarde,L2,850,17,39,OP12
2024-04-25,Tarde,L3,1197,48,12,OP09
2024-04-25,Tarde,L4,1042,10,55,OP04
2024-04-25,Noche,L1,1194,36,45,OP08
2024-04-25,Noche,L2,1168,84,0,OP01
2024-04-25,Noche,L3,1157,13,8,OP08
2024-04-25,Noche,L4,863,20,32,OP02
2024-04-26,Mañana,L1,1148,36,41,OP04
2024-04-26,Mañana,L2,928,32,20,OP03
2024-04-26,Mañana,L3,938,57,34,OP07
2024-04-26,Mañana,L4,1017,11,15,OP09
2024-04-26,Tarde,L1,1093,84,11,OP11
2024-04-26,Tarde,L2,1085,19,58,OP05
2024-04-26,Tarde,L3,864,18,0,OP06
2024-04-26,Tarde,L4,945,35,0,OP03
2024-04-26,Noche,L1,1003,56,14,OP09
2024-04-26,Noche,L2,1112,45,39,OP09
2024-04-26,Noche,L3,1054,18,57,OP08
2024-04-26,Noche,L4,954,65,7,OP06
2024-04-27,Mañana,L1,1110,52,24,OP02
2024-04-27,Mañana,L2,1043,46,29,OP01
2024-04-27,Mañana,L3,1039,28,9,OP06
2024-04-27,Mañana,L4,981,24,20,OP05
2024-04-27,Tarde,L1,871,20,56,OP07
2024-04-27,Tarde,L2,878,17,50,OP05
2024-04-27,Tarde,L3,884,23,9,OP09
2024-04-27,Tarde,L4,807,13,25,OP09
2024-04-27,Noche,L1,1189,52,37,OP02
2024-04-27,Noche,L2,1167,75,54,OP08
2024-04-27,Noche,L3,1072,82,15,OP06
2024-04-27,Noche,L4,1196,41,57,OP03
2024-04-28,Mañana,L1,996,48,35,OP05
2024-04-28,Mañana,L2,1138,77,56,OP03
2024-04-28,Mañana,L3,809,45,46,OP11
2024-04-28,Mañana,L4,1150,29,12,OP03
2024-04-28,Tarde,L1,1031,22,10,OP07
2024-04-28,Tarde,L2,801,51,0,OP01
2024-04-28,Tarde,L3,989,74,55,OP05
2024-04-28,Tarde,L4,1019,24,24,OP06
2024-04-28,Noche,L1,858,23,18,OP09
2024-04-28,Noche,L2,891,33,44,OP12
2024-04-28,Noche,L3,847,37,14,OP11
2024-04-28,Noche,L4,807,33,6,OP02
2024-04-29,Mañana,L1,985,28,23,OP09
2024-04-29,Mañana,L2,1034,62,51,OP02
2024-04-29,Mañana,L3,1143,59,48,OP06
2024-04-29,Mañana,L4,809,33,17,OP04
2024-04-29,Tarde,L1,934,27,27,OP08
2024-04-29,Tarde,L2,1126,83,13,OP06
2024-04-29,Tarde,L3,1196,57,42,OP08
2024-04-29,Tarde,L4,832,61,5,OP07
2024-04-29,Noche,L1,889,11,1,OP07
2024-04-29,Noche,L2,851,27,21,OP05
2024-04-29,Noche,L3,864,14,38,OP04
2024-04-29,Noche,L4,954,16,2,OP01
