Fecha,Hora,Página,Visitantes,Sesiones,Tiempo_Promedio_Seg,Tasa_Rebote_Porcentaje
2024-01-01,01:16,/precios,94,258,507,27.4
2024-01-01,02:18,/precios,290,266,280,65.2
2024-01-01,05:11,/testimonios,381,171,146,45.2
2024-01-01,05:38,/productos,95,186,45,26.6
2024-01-02,03:37,/contacto,17,344,566,22.1
2024-01-02,04:19,/blog,307,31,553,26.9
2024-01-02,17:20,/productos,440,172,302,44.2
2024-01-02,21:49,/home,109,470,492,44.4
2024-01-03,20:09,/galeria,364,205,469,42.5
2024-01-04,06:15,/nosotros,291,354,577,62.9
2024-01-04,08:00,/blog,371,282,541,21.2
2024-01-04,12:53,/blog,91,27,158,29.6
2024-01-05,08:15,/testimonios,490,388,573,24.4
2024-01-05,10:48,/blog,264,409,346,62.8
2024-01-05,11:20,/productos,380,22,173,71.9
2024-01-05,11:37,/servicios,354,109,560,46.9
2024-01-05,13:16,/galeria,125,277,233,38.3
2024-01-06,07:06,/precios,238,239,265,77.9
2024-01-06,10:17,/galeria,443,255,508,42.0
2024-01-06,17:41,/productos,60,562,548,51.7
2024-01-07,06:06,/faq,206,577,276,79.9
2024-01-07,07:00,/faq,327,467,244,35.5
2024-01-07,12:23,/galeria,357,53,105,62.4
2024-01-07,13:41,/productos,137,579,135,67.2
2024-01-07,15:15,/nosotros,365,364,319,63.2
2024-01-08,02:31,/productos,458,302,95,69.5
2024-01-09,01:01,/servicios,217,405,495,29.2
2024-01-09,06:31,/blog,186,275,98,62.4
2024-01-09,12:18,/faq,385,67,101,57.5
2024-01-09,18:19,/nosotros,103,566,119,56.2
2024-01-09,18:52,/home,90,319,518,44.1
2024-01-09,20:24,/contacto,160,559,342,52.5
2024-01-09,22:43,/nosotros,138,388,74,30.2
2024-01-10,03:30,/productos,150,380,215,25.8
2024-01-10,05:37,/precios,25,446,483,41.0
2024-01-10,06:16,/servicios,123,105,537,54.7
2024-01-10,07:41,/blog,235,488,323,63.5
2024-01-10,16:53,/nosotros,106,388,386,70.1
2024-01-10,19:06,/blog,263,351,576,76.7
2024-01-11,02:54,/nosotros,12,287,145,78.5
2024-01-11,03:14,/testimonios,46,265,476,76.1
2024-01-11,08:49,/precios,35,237,72,39.4
2024-01-11,19:54,/galeria,191,202,572,41.2
2024-01-12,09:15,/nosotros,465,481,523,32.7
2024-01-13,04:18,/home,272,495,116,21.3
2024-01-13,05:27,/servicios,160,328,124,77.2
2024-01-13,22:15,/servicios,380,429,353,34.3
2024-01-13,22:39,/testimonios,146,327,36,47.9
2024-01-14,03:53,/blog,495,537,558,71.7
2024-01-14,06:37,/nosotros,387,472,120,57.4
2024-01-14,07:21,/blog,392,100,302,46.0
2024-01-14,12:33,/blog,193,499,598,77.9
2024-01-14,15:10,/servicios,210,361,75,24.2
2024-01-14,15:51,/nosotros,80,63,474,26.2
2024-01-15,01:16,/contacto,242,94,142,61.2
2024-01-15,09:24,/galeria,76,501,499,55.3
2024-01-15,13:38,/precios,198,23,363,78.2
2024-01-15,15:37,/blog,345,266,326,67.5
2024-01-16,00:59,/faq,149,16,192,71.2
2024-01-16,04:24,/faq,179,265,527,64.5
2024-01-16,19:08,/home,263,593,34,78.6
2024-01-17,21:17,/contacto,422,436,319,61.0
2024-01-18,12:02,/contacto,471,394,497,58.6
2024-01-18,14:52,/home,463,76,295,32.1
2024-01-18,16:14,/servicios,170,423,526,41.1
2024-01-18,19:23,/blog,252,326,385,68.1
2024-01-18,22:41,/faq,373,140,377,64.9
2024-01-19,00:03,/blog,184,430,152,68.4
2024-01-19,06:06,/precios,61,212,74,49.4
2024-01-19,08:26,/contacto,200,171,240,22.5
2024-01-19,18:40,/galeria,102,333,437,75.7
2024-01-20,04:35,/testimonios,37,289,443,41.5
2024-01-20,06:29,/testimonios,407,413,450,41.3
2024-01-20,21:44,/servicios,375,236,471,68.8
2024-01-21,05:22,/productos,412,205,346,60.5
2024-01-21,08:44,/servicios,243,314,234,38.4
2024-01-21,21:40,/testimonios,192,561,62,51.6
2024-01-21,22:08,/productos,428,528,308,45.9
2024-01-22,08:56,/nosotros,430,78,237,38.2
2024-01-22,23:02,/nosotros,339,495,370,38.3
2024-01-23,05:05,/contacto,351,291,501,36.2
2024-01-24,03:04,/testimonios,298,271,85,48.3
2024-01-24,03:16,/home,299,574,321,52.4
2024-01-24,11:47,/nosotros,419,223,276,70.5
2024-01-24,12:35,/faq,465,219,247,44.4
2024-01-24,16:24,/nosotros,481,32,101,22.9
2024-01-24,20:34,/faq,328,511,547,48.0
2024-01-24,21:09,/nosotros,203,294,454,40.0
2024-01-24,22:56,/faq,49,217,207,50.8
2024-01-25,08:20,/testimonios,278,212,507,50.5
2024-01-25,16:08,/home,225,261,89,52.6
2024-01-26,03:12,/blog,80,174,317,37.2
2024-01-26,04:04,/contacto,454,378,444,70.4
2024-01-26,16:13,/nosotros,35,445,334,37.4
2024-01-26,20:48,/productos,471,30,382,54.9
2024-01-27,04:34,/home,54,30,133,57.3
2024-01-27,09:58,/productos,492,444,230,30.2
2024-01-27,19:30,/blog,42,471,240,29.8
2024-01-28,02:46,/faq,84,553,481,28.4
2024-01-28,13:52,/galeria,379,312,552,55.2
2024-01-29,13:53,/faq,484,478,344,24.1
2024-01-29,16:15,/testimonios,370,325,501,40.7
2024-01-29,18:27,/faq,295,417,138,31.1
2024-01-29,19:40,/productos,466,489,433,30.9
2024-01-30,02:18,/servicios,423,149,510,29.7
2024-01-30,02:39,/home,47,232,383,39.5
2024-01-30,05:20,/productos,235,22,360,47.9
2024-01-30,19:40,/contacto,243,559,573,52.5
2024-01-30,23:14,/blog,348,305,58,39.7
2024-02-01,00:57,/blog,294,486,87,28.7
2024-02-02,21:00,/galeria,35,512,562,54.5
2024-02-02,21:42,/home,487,557,181,27.0
2024-02-03,03:26,/nosotros,113,189,242,23.0
2024-02-03,06:23,/nosotros,244,184,495,77.4
2024-02-03,15:10,/testimonios,135,123,313,74.0
2024-02-04,16:18,/home,238,24,341,64.6
2024-02-05,05:02,/home,57,537,159,57.1
2024-02-05,07:01,/home,83,208,512,54.4
2024-02-05,08:53,/home,423,161,349,46.9
2024-02-05,17:51,/contacto,115,170,138,69.4
2024-02-05,18:39,/nosotros,296,91,385,60.8
2024-02-05,23:09,/precios,154,237,561,32.3
2024-02-06,01:47,/blog,461,126,398,37.0
2024-02-06,04:20,/blog,377,70,421,41.4
2024-02-06,08:08,/faq,196,576,31,54.3
2024-02-06,17:01,/blog,112,55,266,53.9
2024-02-06,19:52,/precios,50,429,317,44.8
2024-02-07,01:07,/blog,496,513,217,53.3
2024-02-07,11:21,/productos,408,468,244,36.4
2024-02-08,08:40,/productos,288,495,44,45.4
2024-02-08,12:54,/galeria,265,543,91,25.8
2024-02-08,13:37,/blog,381,65,64,41.0
2024-02-08,13:59,/blog,495,274,216,73.7
2024-02-08,14:53,/faq,493,260,347,74.9
2024-02-08,17:17,/nosotros,242,501,172,47.9
2024-02-08,19:33,/home,210,25,253,26.2
2024-02-09,02:18,/contacto,175,116,541,46.7
2024-02-09,02:38,/servicios,268,555,222,26.3
2024-02-09,05:57,/servicios,422,131,224,63.2
2024-02-09,11:07,/testimonios,491,136,581,40.7
2024-02-10,16:09,/nosotros,113,431,62,71.3
2024-02-10,21:11,/faq,221,462,598,43.7
2024-02-11,01:15,/testimonios,492,223,220,57.8
2024-02-11,01:33,/servicios,443,172,354,20.9
2024-02-11,02:36,/nosotros,147,205,118,72.5
2024-02-11,19:24,/servicios,328,540,423,59.7
2024-02-12,08:52,/testimonios,204,329,282,36.4
2024-02-12,19:07,/contacto,341,59,404,39.7
2024-02-12,19:14,/productos,331,21,566,56.6
2024-02-12,21:01,/home,272,597,81,52.4
2024-02-13,03:36,/faq,179,402,547,51.0
2024-02-13,19:20,/precios,21,276,167,68.4
2024-02-14,22:54,/contacto,412,154,76,58.5
2024-02-14,23:22,/galeria,306,550,264,62.9
2024-02-15,05:23,/servicios,222,229,366,72.4
2024-02-15,07:18,/nosotros,331,390,517,47.8
2024-02-15,11:30,/contacto,284,555,527,72.3
2024-02-15,14:06,/faq,62,493,494,50.7
2024-02-15,16:14,/nosotros,11,497,579,34.1
2024-02-15,20:48,/productos,69,173,586,20.6
2024-02-15,22:39,/nosotros,229,130,483,44.6
2024-02-16,07:08,/galeria,246,368,293,71.3
2024-02-16,19:15,/home,426,243,273,61.8
2024-02-17,09:09,/home,224,48,55,58.6
2024-02-17,11:41,/galeria,294,521,578,24.5
2024-02-17,14:06,/testimonios,108,22,230,40.7
2024-02-17,18:47,/productos,225,236,461,67.5
2024-02-18,01:20,/productos,81,248,499,49.4
2024-02-18,02:59,/galeria,236,374,172,34.0
2024-02-18,14:27,/nosotros,138,354,182,35.9
2024-02-18,15:39,/testimonios,425,20,179,46.8
2024-02-18,21:47,/galeria,261,448,336,33.4
2024-02-18,21:57,/galeria,402,189,507,44.1
2024-02-19,18:36,/servicios,305,380,353,76.2
2024-02-19,19:09,/precios,110,91,275,46.8
2024-02-20,03:00,/testimonios,86,457,324,61.7
2024-02-20,09:50,/productos,189,357,66,23.1
2024-02-20,11:13,/testimonios,133,111,170,65.7
2024-02-20,20:45,/servicios,399,492,290,40.0
2024-02-21,09:27,/testimonios,102,258,181,51.3
2024-02-21,11:50,/blog,328,437,329,55.1
2024-02-21,13:23,/testimonios,171,189,507,48.6
2024-02-22,00:18,/blog,141,506,440,39.1
2024-02-22,12:40,/blog,324,345,106,28.3
2024-02-22,17:33,/contacto,207,285,490,47.3
2024-02-22,17:50,/contacto,265,407,173,72.7
2024-02-23,03:39,/precios,17,315,146,32.6
2024-02-23,07:56,/blog,383,151,389,53.3
2024-02-23,13:06,/contacto,347,540,300,30.0
2024-02-25,05:02,/faq,427,575,270,79.3
2024-02-25,05:13,/nosotros,54,391,252,76.5
2024-02-25,19:12,/contacto,378,35,36,28.5
2024-02-26,03:32,/testimonios,361,473,367,78.6
2024-02-26,21:02,/productos,351,94,543,38.0
2024-02-27,06:51,/faq,90,313,262,64.4
2024-02-27,14:09,/servicios,70,403,528,27.9
2024-02-28,08:53,/faq,340,118,557,52.1
2024-02-28,22:57,/productos,351,201,269,40.5
2024-02-29,10:58,/contacto,391,415,185,78.5
2024-02-29,12:18,/faq,208,221,219,53.5
2024-02-29,13:29,/precios,52,290,423,47.2
2024-03-01,01:05,/faq,467,544,100,73.6
2024-03-01,17:03,/galeria,413,459,558,25.7
2024-03-01,18:47,/galeria,364,113,461,36.3
2024-03-01,19:03,/testimonios,315,554,84,39.9
2024-03-02,03:58,/galeria,67,440,420,45.1
2024-03-02,11:59,/blog,405,576,551,26.0
2024-03-02,15:18,/precios,176,169,147,68.7
2024-03-02,21:42,/blog,402,28,295,42.1
2024-03-03,04:02,/contacto,454,381,561,49.0
2024-03-03,11:56,/precios,218,299,578,72.2
2024-03-03,13:46,/testimonios,166,450,206,73.8
2024-03-03,16:02,/home,484,535,266,60.6
2024-03-03,16:24,/servicios,131,111,93,78.4
2024-03-04,06:39,/galeria,392,534,401,63.2
2024-03-04,14:48,/servicios,58,179,414,69.3
2024-03-05,07:32,/testimonios,368,557,158,56.2
2024-03-06,01:42,/nosotros,187,481,323,67.1
2024-03-06,11:09,/blog,139,597,419,31.2
2024-03-06,20:10,/galeria,247,254,586,44.0
2024-03-07,02:15,/productos,248,276,310,57.3
2024-03-07,05:28,/galeria,368,379,450,56.0
2024-03-07,05:44,/home,39,579,400,23.9
2024-03-07,16:10,/home,433,126,110,57.1
2024-03-07,16:56,/servicios,432,84,315,48.5
2024-03-07,18:40,/faq,440,333,221,44.0
2024-03-07,19:50,/precios,394,378,358,46.1
2024-03-07,22:00,/testimonios,244,222,245,32.4
2024-03-08,00:37,/faq,470,433,320,30.3
2024-03-08,03:02,/home,117,465,138,28.5
2024-03-08,05:11,/home,95,181,148,67.8
2024-03-08,16:25,/precios,449,323,575,60.2
2024-03-08,18:13,/galeria,332,323,119,56.6
2024-03-08,23:55,/faq,421,168,84,68.1
2024-03-09,08:16,/productos,37,394,345,38.0
2024-03-09,14:36,/blog,214,191,412,49.7
2024-03-10,03:17,/faq,187,293,481,21.0
2024-03-10,16:35,/faq,434,284,202,32.5
2024-03-10,17:33,/testimonios,201,506,230,48.6
2024-03-11,00:58,/testimonios,43,109,389,31.4
2024-03-11,05:10,/productos,329,430,196,70.2
2024-03-11,05:17,/precios,38,450,495,30.2
2024-03-11,06:23,/galeria,414,96,500,28.9
2024-03-11,16:01,/testimonios,264,395,343,60.9
2024-03-11,16:08,/contacto,307,542,467,59.0
2024-03-11,17:30,/testimonios,136,19,59,45.6
2024-03-11,20:39,/blog,89,382,394,55.7
2024-03-12,01:36,/productos,161,184,161,66.7
2024-03-12,20:36,/faq,170,314,591,68.4
2024-03-12,21:31,/precios,380,241,116,42.2
2024-03-13,10:41,/precios,449,335,414,24.0
2024-03-13,12:43,/nosotros,304,556,468,24.8
2024-03-13,17:08,/productos,473,306,323,47.3
2024-03-14,04:17,/productos,426,243,563,38.8
2024-03-15,00:14,/nosotros,51,379,229,70.7
2024-03-15,05:05,/blog,435,397,521,68.8
2024-03-15,06:22,/productos,47,498,559,71.6
2024-03-16,15:40,/precios,31,203,290,42.0
2024-03-17,04:51,/faq,25,378,52,49.5
2024-03-17,12:56,/blog,323,379,97,47.3
2024-03-17,18:14,/contacto,260,545,176,33.8
2024-03-17,23:11,/precios,226,504,121,39.6
2024-03-18,06:44,/precios,47,420,550,31.0
2024-03-18,20:17,/servicios,402,365,280,52.8
2024-03-18,20:43,/testimonios,209,150,247,37.3
2024-03-18,22:30,/faq,394,233,144,38.7
2024-03-20,06:00,/home,91,172,570,68.3
2024-03-21,00:34,/productos,11,483,130,25.7
2024-03-21,10:31,/precios,87,97,442,32.7
2024-03-21,19:51,/testimonios,442,241,487,73.0
2024-03-21,23:35,/precios,297,252,199,48.6
2024-03-22,07:02,/galeria,194,288,395,37.9
2024-03-22,10:44,/contacto,113,283,575,77.1
2024-03-22,17:15,/servicios,331,487,505,28.2
2024-03-22,22:07,/home,80,30,129,76.6
2024-03-23,00:21,/nosotros,208,142,542,46.1
2024-03-23,05:30,/home,59,83,444,33.5
2024-03-23,07:55,/galeria,188,459,441,34.4
2024-03-23,21:19,/galeria,97,319,570,32.1
2024-03-24,17:39,/blog,420,569,307,30.4
2024-03-24,22:15,/blog,43,54,505,33.6
2024-03-25,13:55,/faq,282,213,453,56.3
2024-03-25,17:46,/testimonios,21,244,398,43.2
2024-03-26,02:24,/testimonios,495,111,326,23.3
2024-03-26,03:44,/precios,449,37,273,32.0
2024-03-26,14:56,/testimonios,172,467,566,20.1
2024-03-27,01:50,/servicios,75,179,223,23.2
2024-03-27,18:42,/servicios,276,415,509,49.6
2024-03-27,18:47,/faq,416,31,370,41.1
2024-03-28,13:05,/home,224,149,281,61.8
2024-03-28,16:24,/galeria,226,499,233,75.4
2024-03-28,19:43,/blog,322,179,243,26.0
2024-03-29,06:57,/blog,398,304,511,72.1
2024-03-29,10:48,/testimonios,63,282,183,58.8
2024-03-29,15:29,/testimonios,26,78,225,77.1
2024-03-29,16:06,/home,241,356,281,52.3
2024-03-29,18:30,/faq,81,37,459,50.6
2024-03-30,19:41,/precios,239,588,294,21.4
2024-03-30,21:06,/productos,241,126,294,24.6
2024-03-30,23:14,/home,151,415,253,63.5
